Workbook

Sheet hungarian_websites
A1: Domain név | B1: Volt sikertelen audit kísérlet | C1: Ellenőrzés dátuma | D1: Entitás neve | E1: Entitás típusa | F1: Entitás feltüntetésének URL-e | G1: Főtevékenység ÖVTJ’25 kódja | H1: Főtevékenység TEÁOR'25 kódja | I1: Szakágazat megnevezése | J1: Alágazat kódja | K1: Alágazat megnevezése | L1: Ágazat kódja | M1: Ágazat megnevezése | N1: Nemzetgazdasági ág kódja | O1: Nemzetgazdasági ág megnevezése | P1: Tevékenység forrása | Q1: Nettó árbevétel 2024-ben | R1: Árbevételi adat forrása
A2: videa.hu | B2: =IF(COUNTIF([1]failed_domains!$A:$A,A2)>0,"Igen","Nem") -> Nem | C2: 45842 | D2: Mediaworks Hungary | E2: Zártkörűen Működő Részvénytársaság | F2: https://videa.hu/szolgaltato_adatai | H2: 58.12 | I2: =_xlfn.XLOOKUP(TEXT($H2,"0.00"),'[2]TEÁOR''25 struktúra'!$G:$G,'[2]TEÁOR''25 struktúra'!$H:$H) -> Napilapkiadás | J2: =_xlfn.XLOOKUP(TEXT($H2,"0.00"),'[2]TEÁOR''25 struktúra'!$G:$G,'[2]TEÁOR''25 struktúra'!$E:$E) -> 58.1 | K2: =_xlfn.XLOOKUP(TEXT($H2,"0.00"),'[2]TEÁOR''25 struktúra'!$G:$G,'[2]TEÁOR''25 struktúra'!$F:$F) -> Könyv-, napilapkiadás, egyéb kiadói tevékenység (kivéve: szoftverkiadás) | L2: =_xlfn.XLOOKUP(TEXT($H2,"0.00"),'[2]TEÁOR''25 struktúra'!$G:$G,'[2]TEÁOR''25 struktúra'!$C:$C) -> 58 | M2: =_xlfn.XLOOKUP(TEXT($H2,"0.00"),'[2]TEÁOR''25 struktúra'!$G:$G,'[2]TEÁOR''25 struktúra'!$D:$D) -> Kiadói tevékenység | N2: =_xlfn.XLOOKUP(TEXT($H2,"0.00"),'[2]TEÁOR''25 struktúra'!$G:$G,'[2]TEÁOR''25 struktúra'!$A:$A) -> J | O2: =_xlfn.XLOOKUP(TEXT($H2,"0.00"),'[2]TEÁOR''25 struktúra'!$G:$G,'[2]TEÁOR''25 struktúra'!$B:$B) -> KIADÓI TEVÉKENYSÉG, MŰSORSZOLGÁLTATÁS, TARTALOMSZOLGÁLTATÁS ÉS -TERJESZTÉS | P2: https://www.e-cegjegyzek.hu/?cegadatlap/0110047955/Cegbetekintes | Q2: 70279652000 | R2: https://e-beszamolo.im.gov.hu/oldal/beszamolo_megjelenites
A3: 24.hu | B3: =IF(COUNTIF([1]failed_domains!$A:$A,A3)>0,"Igen","Nem") -> Nem | C3: 45842 | D3: Central Médiacsoport | E3: Zártkörűen Működő Részvénytársaság | F3: https://24.hu/impresszum/ | H3: 58.13 | I3: =_xlfn.XLOOKUP(TEXT($H3,"0.00"),'[2]TEÁOR''25 struktúra'!$G:$G,'[2]TEÁOR''25 struktúra'!$H:$H) -> Folyóirat, időszaki kiadvány kiadása | J3: =_xlfn.XLOOKUP(TEXT($H3,"0.00"),'[2]TEÁOR''25 struktúra'!$G:$G,'[2]TEÁOR''25 struktúra'!$E:$E) -> 58.1 | K3: =_xlfn.XLOOKUP(TEXT($H3,"0.00"),'[2]TEÁOR''25 struktúra'!$G:$G,'[2]TEÁOR''25 struktúra'!$F:$F) -> Könyv-, napilapkiadás, egyéb kiadói tevékenység (kivéve: szoftverkiadás) | L3: =_xlfn.XLOOKUP(TEXT($H3,"0.00"),'[2]TEÁOR''25 struktúra'!$G:$G,'[2]TEÁOR''25 struktúra'!$C:$C) -> 58 | M3: =_xlfn.XLOOKUP(TEXT($H3,"0.00"),'[2]TEÁOR''25 struktúra'!$G:$G,'[2]TEÁOR''25 struktúra'!$D:$D) -> Kiadói tevékenység | N3: =_xlfn.XLOOKUP(TEXT($H3,"0.00"),'[2]TEÁOR''25 struktúra'!$G:$G,'[2]TEÁOR''25 struktúra'!$A:$A) -> J | O3: =_xlfn.XLOOKUP(TEXT($H3,"0.00"),'[2]TEÁOR''25 struktúra'!$G:$G,'[2]TEÁOR''25 struktúra'!$B:$B) -> KIADÓI TEVÉKENYSÉG, MŰSORSZOLGÁLTATÁS, TARTALOMSZOLGÁLTATÁS ÉS -TERJESZTÉS | P3: https://www.e-cegjegyzek.hu/?cegadatlap/0110048280/Cegbetekintes | Q3: 14254791000 | R3: https://e-beszamolo.im.gov.hu/oldal/beszamolo_megjelenites
A4: jofogas.hu | B4: =IF(COUNTIF([1]failed_domains!$A:$A,A4)>0,"Igen","Nem") -> Nem | C4: 45843 | D4: Jófogás | E4: Korlátolt Felelősségű Társaság | F4: https://www.jofogas.hu/rolunk | H4: 73.12 | I4: =_xlfn.XLOOKUP(TEXT($H4,"0.00"),'[2]TEÁOR''25 struktúra'!$G:$G,'[2]TEÁOR''25 struktúra'!$H:$H) -> Médiareklám | J4: =_xlfn.XLOOKUP(TEXT($H4,"0.00"),'[2]TEÁOR''25 struktúra'!$G:$G,'[2]TEÁOR''25 struktúra'!$E:$E) -> 73.1 | K4: =_xlfn.XLOOKUP(TEXT($H4,"0.00"),'[2]TEÁOR''25 struktúra'!$G:$G,'[2]TEÁOR''25 struktúra'!$F:$F) -> Reklám | L4: =_xlfn.XLOOKUP(TEXT($H4,"0.00"),'[2]TEÁOR''25 struktúra'!$G:$G,'[2]TEÁOR''25 struktúra'!$C:$C) -> 73 | M4: =_xlfn.XLOOKUP(TEXT($H4,"0.00"),'[2]TEÁOR''25 struktúra'!$G:$G,'[2]TEÁOR''25 struktúra'!$D:$D) -> Reklám, piackutatás, PR-tevékenység | N4: =_xlfn.XLOOKUP(TEXT($H4,"0.00"),'[2]TEÁOR''25 struktúra'!$G:$G,'[2]TEÁOR''25 struktúra'!$A:$A) -> N | O4: =_xlfn.XLOOKUP(TEXT($H4,"0.00"),'[2]TEÁOR''25 struktúra'!$G:$G,'[2]TEÁOR''25 struktúra'!$B:$B) -> SZAKMAI, TUDOMÁNYOS, MŰSZAKI TEVÉKENYSÉG | P4: https://www.e-cegjegyzek.hu/?cegadatlap/0109433149/Cegbetekintes
A5: idokep.hu | B5: =IF(COUNTIF([1]failed_domains!$A:$A,A5)>0,"Igen","Nem") -> Nem | C5: 45846 | D5: Időkép Üzleti Szolgáltatások | E5: Korlátolt Felelősségű Társaság | F5: https://www.idokep.hu/impresszum | H5: 62.2 | I5: =_xlfn.XLOOKUP(TEXT($H5,"0.00"),'[2]TEÁOR''25 struktúra'!$G:$G,'[2]TEÁOR''25 struktúra'!$H:$H) -> Információtechnológiai szaktanácsadás és számítástechnikai eszközök, rendszerek üzemeltetése | J5: =_xlfn.XLOOKUP(TEXT($H5,"0.00"),'[2]TEÁOR''25 struktúra'!$G:$G,'[2]TEÁOR''25 struktúra'!$E:$E) -> 62.2 | K5: =_xlfn.XLOOKUP(TEXT($H5,"0.00"),'[2]TEÁOR''25 struktúra'!$G:$G,'[2]TEÁOR''25 struktúra'!$F:$F) -> Információtechnológiai szaktanácsadás és számítástechnikai eszközök, rendszerek üzemeltetése | L5: =_xlfn.XLOOKUP(TEXT($H5,"0.00"),'[2]TEÁOR''25 struktúra'!$G:$G,'[2]TEÁOR''25 struktúra'!$C:$C) -> 62 | M5: =_xlfn.XLOOKUP(TEXT($H5,"0.00"),'[2]TEÁOR''25 struktúra'!$G:$G,'[2]TEÁOR''25 struktúra'!$D:$D) -> Információtechnológiai szolgáltatás | N5: =_xlfn.XLOOKUP(TEXT($H5,"0.00"),'[2]TEÁOR''25 struktúra'!$G:$G,'[2]TEÁOR''25 struktúra'!$A:$A) -> K | O5: =_xlfn.XLOOKUP(TEXT($H5,"0.00"),'[2]TEÁOR''25 struktúra'!$G:$G,'[2]TEÁOR''25 struktúra'!$B:$B) -> TÁVKÖZLÉS, SZÁMÍTÓGÉPES PROGRAMOZÁS, INFORMÁCIÓTECHNOLÓGIAI SZAKTANÁCSADÁS, SZÁMÍTÁSTECHNIKAI INFRASTRUKTÚRA ÉS EGYÉB INFORMÁCIÓS SZOLGÁLTATÁSOK | P5: https://www.e-cegjegyzek.hu/?cegadatlap/1309240472/Cegbetekintes | Q5: 411760000 | R5: https://e-beszamolo.im.gov.hu/oldal/beszamolo_megjelenites
A6: mandiner.hu | B6: =IF(COUNTIF([1]failed_domains!$A:$A,A6)>0,"Igen","Nem") -> Nem | C6: 45846 | D6: Mandiner Novum | E6: Zártkörűen Működő Részvénytársaság | F6: https://mandiner.hu/impresszum | H6: 58.13 | I6: =_xlfn.XLOOKUP(TEXT($H6,"0.00"),'[2]TEÁOR''25 struktúra'!$G:$G,'[2]TEÁOR''25 struktúra'!$H:$H) -> Folyóirat, időszaki kiadvány kiadása | J6: =_xlfn.XLOOKUP(TEXT($H6,"0.00"),'[2]TEÁOR''25 struktúra'!$G:$G,'[2]TEÁOR''25 struktúra'!$E:$E) -> 58.1 | K6: =_xlfn.XLOOKUP(TEXT($H6,"0.00"),'[2]TEÁOR''25 struktúra'!$G:$G,'[2]TEÁOR''25 struktúra'!$F:$F) -> Könyv-, napilapkiadás, egyéb kiadói tevékenység (kivéve: szoftverkiadás) | L6: =_xlfn.XLOOKUP(TEXT($H6,"0.00"),'[2]TEÁOR''25 struktúra'!$G:$G,'[2]TEÁOR''25 struktúra'!$C:$C) -> 58 | M6: =_xlfn.XLOOKUP(TEXT($H6,"0.00"),'[2]TEÁOR''25 struktúra'!$G:$G,'[2]TEÁOR''25 struktúra'!$D:$D) -> Kiadói tevékenység | N6: =_xlfn.XLOOKUP(TEXT($H6,"0.00"),'[2]TEÁOR''25 struktúra'!$G:$G,'[2]TEÁOR''25 struktúra'!$A:$A) -> J | O6: =_xlfn.XLOOKUP(TEXT($H6,"0.00"),'[2]TEÁOR''25 struktúra'!$G:$G,'[2]TEÁOR''25 struktúra'!$B:$B) -> KIADÓI TEVÉKENYSÉG, MŰSORSZOLGÁLTATÁS, TARTALOMSZOLGÁLTATÁS ÉS -TERJESZTÉS | P6: https://www.e-cegjegyzek.hu/?cegadatlap/0110143085/Cegbetekintes | Q6: 0 | R6: https://e-beszamolo.im.gov.hu/oldal/beszamolo_megjelenites
A7: portfolio.hu | B7: =IF(COUNTIF([1]failed_domains!$A:$A,A7)>0,"Igen","Nem") -> Nem | C7: 45846 | D7: Net Média | E7: Zártkörűen Működő Részvénytársaság | F7: https://www.portfolio.hu/info/impresszum | H7: 60.39 | I7: =_xlfn.XLOOKUP(TEXT($H7,"0.00"),'[2]TEÁOR''25 struktúra'!$G:$G,'[2]TEÁOR''25 struktúra'!$H:$H) -> Egyéb tartalomterjesztési tevékenység | J7: =_xlfn.XLOOKUP(TEXT($H7,"0.00"),'[2]TEÁOR''25 struktúra'!$G:$G,'[2]TEÁOR''25 struktúra'!$E:$E) -> 60.3 | K7: =_xlfn.XLOOKUP(TEXT($H7,"0.00"),'[2]TEÁOR''25 struktúra'!$G:$G,'[2]TEÁOR''25 struktúra'!$F:$F) -> Hírügynökségi és egyéb tartalomterjesztési tevékenység | L7: =_xlfn.XLOOKUP(TEXT($H7,"0.00"),'[2]TEÁOR''25 struktúra'!$G:$G,'[2]TEÁOR''25 struktúra'!$C:$C) -> 60 | M7: =_xlfn.XLOOKUP(TEXT($H7,"0.00"),'[2]TEÁOR''25 struktúra'!$G:$G,'[2]TEÁOR''25 struktúra'!$D:$D) -> Műsor-összeállítás, műsorszolgáltatás, hírügynökségi és egyéb tartalomterjesztési tevékenység | N7: =_xlfn.XLOOKUP(TEXT($H7,"0.00"),'[2]TEÁOR''25 struktúra'!$G:$G,'[2]TEÁOR''25 struktúra'!$A:$A) -> J | O7: =_xlfn.XLOOKUP(TEXT($H7,"0.00"),'[2]TEÁOR''25 struktúra'!$G:$G,'[2]TEÁOR''25 struktúra'!$B:$B) -> KIADÓI TEVÉKENYSÉG, MŰSORSZOLGÁLTATÁS, TARTALOMSZOLGÁLTATÁS ÉS -TERJESZTÉS | P7: https://www.e-cegjegyzek.hu/?cegadatlap/0110044439/Cegbetekintes | Q7: 4394156000 | R7: https://e-beszamolo.im.gov.hu/oldal/beszamolo_megjelenites
A8: hvg.hu | B8: =IF(COUNTIF([1]failed_domains!$A:$A,A8)>0,"Igen","Nem") -> Nem | C8: 45846 | D8: HVG Kiadó | E8: Zártkörűen Működő Részvénytársaság | F8: https://hvg.hu/impresszum | H8: 58.13 | I8: =_xlfn.XLOOKUP(TEXT($H8,"0.00"),'[2]TEÁOR''25 struktúra'!$G:$G,'[2]TEÁOR''25 struktúra'!$H:$H) -> Folyóirat, időszaki kiadvány kiadása | J8: =_xlfn.XLOOKUP(TEXT($H8,"0.00"),'[2]TEÁOR''25 struktúra'!$G:$G,'[2]TEÁOR''25 struktúra'!$E:$E) -> 58.1 | K8: =_xlfn.XLOOKUP(TEXT($H8,"0.00"),'[2]TEÁOR''25 struktúra'!$G:$G,'[2]TEÁOR''25 struktúra'!$F:$F) -> Könyv-, napilapkiadás, egyéb kiadói tevékenység (kivéve: szoftverkiadás) | L8: =_xlfn.XLOOKUP(TEXT($H8,"0.00"),'[2]TEÁOR''25 struktúra'!$G:$G,'[2]TEÁOR''25 struktúra'!$C:$C) -> 58 | M8: =_xlfn.XLOOKUP(TEXT($H8,"0.00"),'[2]TEÁOR''25 struktúra'!$G:$G,'[2]TEÁOR''25 struktúra'!$D:$D) -> Kiadói tevékenység | N8: =_xlfn.XLOOKUP(TEXT($H8,"0.00"),'[2]TEÁOR''25 struktúra'!$G:$G,'[2]TEÁOR''25 struktúra'!$A:$A) -> J | O8: =_xlfn.XLOOKUP(TEXT($H8,"0.00"),'[2]TEÁOR''25 struktúra'!$G:$G,'[2]TEÁOR''25 struktúra'!$B:$B) -> KIADÓI TEVÉKENYSÉG, MŰSORSZOLGÁLTATÁS, TARTALOMSZOLGÁLTATÁS ÉS -TERJESZTÉS | P8: https://www.e-cegjegyzek.hu/?cegadatlap/0110041172/Cegbetekintes | Q8: 5150784000 | R8: https://e-beszamolo.im.gov.hu/oldal/beszamolo_megjelenites
A9: hasznaltauto.hu | B9: =IF(COUNTIF([1]failed_domains!$A:$A,A9)>0,"Igen","Nem") -> Nem | C9: 45846 | D9: Használtautó.hu | E9: Korlátolt Felelősségű Társaság | F9: https://www.hasznaltauto.hu/kapcsolat | H9: 73.12 | I9: =_xlfn.XLOOKUP(TEXT($H9,"0.00"),'[2]TEÁOR''25 struktúra'!$G:$G,'[2]TEÁOR''25 struktúra'!$H:$H) -> Médiareklám | J9: =_xlfn.XLOOKUP(TEXT($H9,"0.00"),'[2]TEÁOR''25 struktúra'!$G:$G,'[2]TEÁOR''25 struktúra'!$E:$E) -> 73.1 | K9: =_xlfn.XLOOKUP(TEXT($H9,"0.00"),'[2]TEÁOR''25 struktúra'!$G:$G,'[2]TEÁOR''25 struktúra'!$F:$F) -> Reklám | L9: =_xlfn.XLOOKUP(TEXT($H9,"0.00"),'[2]TEÁOR''25 struktúra'!$G:$G,'[2]TEÁOR''25 struktúra'!$C:$C) -> 73 | M9: =_xlfn.XLOOKUP(TEXT($H9,"0.00"),'[2]TEÁOR''25 struktúra'!$G:$G,'[2]TEÁOR''25 struktúra'!$D:$D) -> Reklám, piackutatás, PR-tevékenység | N9: =_xlfn.XLOOKUP(TEXT($H9,"0.00"),'[2]TEÁOR''25 struktúra'!$G:$G,'[2]TEÁOR''25 struktúra'!$A:$A) -> N | O9: =_xlfn.XLOOKUP(TEXT($H9,"0.00"),'[2]TEÁOR''25 struktúra'!$G:$G,'[2]TEÁOR''25 struktúra'!$B:$B) -> SZAKMAI, TUDOMÁNYOS, MŰSZAKI TEVÉKENYSÉG | P9: https://www.e-cegjegyzek.hu/?cegadatlap/0109926009/Cegbetekintes | Q9: 5514398000 | R9: https://e-beszamolo.im.gov.hu/oldal/beszamolo_megjelenites
A10: gyakorikerdesek.hu | B10: =IF(COUNTIF([1]failed_domains!$A:$A,A10)>0,"Igen","Nem") -> Nem | C10: 45846 | D10: WebMinute | E10: Korlátolt Felelősségű Társaság | F10: https://www.gyakorikerdesek.hu/felhasznaloi_szabalyzat | H10: 63.1 | I10: =_xlfn.XLOOKUP(TEXT($H10,"0.00"),'[2]TEÁOR''25 struktúra'!$G:$G,'[2]TEÁOR''25 struktúra'!$H:$H) -> Számítástechnikai infrastruktúra, adatfeldolgozás, tárhelyszolgáltatás és kapcsolódó szolgáltatások | J10: =_xlfn.XLOOKUP(TEXT($H10,"0.00"),'[2]TEÁOR''25 struktúra'!$G:$G,'[2]TEÁOR''25 struktúra'!$E:$E) -> 63.1 | K10: =_xlfn.XLOOKUP(TEXT($H10,"0.00"),'[2]TEÁOR''25 struktúra'!$G:$G,'[2]TEÁOR''25 struktúra'!$F:$F) -> Számítástechnikai infrastruktúra, adatfeldolgozás, tárhelyszolgáltatás és kapcsolódó szolgáltatások | L10: =_xlfn.XLOOKUP(TEXT($H10,"0.00"),'[2]TEÁOR''25 struktúra'!$G:$G,'[2]TEÁOR''25 struktúra'!$C:$C) -> 63 | M10: =_xlfn.XLOOKUP(TEXT($H10,"0.00"),'[2]TEÁOR''25 struktúra'!$G:$G,'[2]TEÁOR''25 struktúra'!$D:$D) -> Számítástechnikai infrastruktúra, adatfeldolgozás, tárhelyszolgáltatás és egyéb információs szolgáltatási tevékenységek | N10: =_xlfn.XLOOKUP(TEXT($H10,"0.00"),'[2]TEÁOR''25 struktúra'!$G:$G,'[2]TEÁOR''25 struktúra'!$A:$A) -> K | O10: =_xlfn.XLOOKUP(TEXT($H10,"0.00"),'[2]TEÁOR''25 struktúra'!$G:$G,'[2]TEÁOR''25 struktúra'!$B:$B) -> TÁVKÖZLÉS, SZÁMÍTÓGÉPES PROGRAMOZÁS, INFORMÁCIÓTECHNOLÓGIAI SZAKTANÁCSADÁS, SZÁMÍTÁSTECHNIKAI INFRASTRUKTÚRA ÉS EGYÉB INFORMÁCIÓS SZOLGÁLTATÁSOK | P10: https://www.e-cegjegyzek.hu/?cegadatlap/1309122408/Cegbetekintes | Q10: 58044000 | R10: https://e-beszamolo.im.gov.hu/oldal/beszamolo_megjelenites
A11: kiskegyed.hu | B11: =IF(COUNTIF([1]failed_domains!$A:$A,A11)>0,"Igen","Nem") -> Nem | C11: 45846 | D11: Ringier Hungary | E11: Korlátolt Felelősségű Társaság | F11: https://www.kiskegyed.hu/impresszum/hqvkgf5 | H11: 58.13 | I11: =_xlfn.XLOOKUP(TEXT($H11,"0.00"),'[2]TEÁOR''25 struktúra'!$G:$G,'[2]TEÁOR''25 struktúra'!$H:$H) -> Folyóirat, időszaki kiadvány kiadása | J11: =_xlfn.XLOOKUP(TEXT($H11,"0.00"),'[2]TEÁOR''25 struktúra'!$G:$G,'[2]TEÁOR''25 struktúra'!$E:$E) -> 58.1 | K11: =_xlfn.XLOOKUP(TEXT($H11,"0.00"),'[2]TEÁOR''25 struktúra'!$G:$G,'[2]TEÁOR''25 struktúra'!$F:$F) -> Könyv-, napilapkiadás, egyéb kiadói tevékenység (kivéve: szoftverkiadás) | L11: =_xlfn.XLOOKUP(TEXT($H11,"0.00"),'[2]TEÁOR''25 struktúra'!$G:$G,'[2]TEÁOR''25 struktúra'!$C:$C) -> 58 | M11: =_xlfn.XLOOKUP(TEXT($H11,"0.00"),'[2]TEÁOR''25 struktúra'!$G:$G,'[2]TEÁOR''25 struktúra'!$D:$D) -> Kiadói tevékenység | N11: =_xlfn.XLOOKUP(TEXT($H11,"0.00"),'[2]TEÁOR''25 struktúra'!$G:$G,'[2]TEÁOR''25 struktúra'!$A:$A) -> J | O11: =_xlfn.XLOOKUP(TEXT($H11,"0.00"),'[2]TEÁOR''25 struktúra'!$G:$G,'[2]TEÁOR''25 struktúra'!$B:$B) -> KIADÓI TEVÉKENYSÉG, MŰSORSZOLGÁLTATÁS, TARTALOMSZOLGÁLTATÁS ÉS -TERJESZTÉS | P11: https://www.e-cegjegyzek.hu/?cegadatlap/0109061743/Cegbetekintes | Q11: 12119082000 | R11: https://e-beszamolo.im.gov.hu/oldal/beszamolo_megjelenites
A12: telex.hu | B12: =IF(COUNTIF([1]failed_domains!$A:$A,A12)>0,"Igen","Nem") -> Nem | C12: 45846 | D12: Telex.hu | E12: Zártkörűen Működő Részvénytársaság | F12: https://telex.hu/impresszum | H12: 60.39 | I12: =_xlfn.XLOOKUP(TEXT($H12,"0.00"),'[2]TEÁOR''25 struktúra'!$G:$G,'[2]TEÁOR''25 struktúra'!$H:$H) -> Egyéb tartalomterjesztési tevékenység | J12: =_xlfn.XLOOKUP(TEXT($H12,"0.00"),'[2]TEÁOR''25 struktúra'!$G:$G,'[2]TEÁOR''25 struktúra'!$E:$E) -> 60.3 | K12: =_xlfn.XLOOKUP(TEXT($H12,"0.00"),'[2]TEÁOR''25 struktúra'!$G:$G,'[2]TEÁOR''25 struktúra'!$F:$F) -> Hírügynökségi és egyéb tartalomterjesztési tevékenység | L12: =_xlfn.XLOOKUP(TEXT($H12,"0.00"),'[2]TEÁOR''25 struktúra'!$G:$G,'[2]TEÁOR''25 struktúra'!$C:$C) -> 60 | M12: =_xlfn.XLOOKUP(TEXT($H12,"0.00"),'[2]TEÁOR''25 struktúra'!$G:$G,'[2]TEÁOR''25 struktúra'!$D:$D) -> Műsor-összeállítás, műsorszolgáltatás, hírügynökségi és egyéb tartalomterjesztési tevékenység | N12: =_xlfn.XLOOKUP(TEXT($H12,"0.00"),'[2]TEÁOR''25 struktúra'!$G:$G,'[2]TEÁOR''25 struktúra'!$A:$A) -> J | O12: =_xlfn.XLOOKUP(TEXT($H12,"0.00"),'[2]TEÁOR''25 struktúra'!$G:$G,'[2]TEÁOR''25 struktúra'!$B:$B) -> KIADÓI TEVÉKENYSÉG, MŰSORSZOLGÁLTATÁS, TARTALOMSZOLGÁLTATÁS ÉS -TERJESZTÉS | P12: https://www.e-cegjegyzek.hu/?cegadatlap/0110142023/Cegbetekintes | Q12: 1115811000 | R12: https://e-beszamolo.im.gov.hu/oldal/beszamolo_megjelenites
A13: tippmix.hu | B13: =IF(COUNTIF([1]failed_domains!$A:$A,A13)>0,"Igen","Nem") -> Nem | C13: 45846 | D13: Szerencsejáték | E13: Zártkörűen Működő Részvénytársaság | F13: https://bet.szerencsejatek.hu/cmsfiles/ae/15/adatkezelesi-tajekoztato_cookie_tippmix.pdf | H13: 92 | I13: =_xlfn.XLOOKUP(TEXT($H13,"0.00"),'[2]TEÁOR''25 struktúra'!$G:$G,'[2]TEÁOR''25 struktúra'!$H:$H) -> Szerencsejáték, fogadás | J13: =_xlfn.XLOOKUP(TEXT($H13,"0.00"),'[2]TEÁOR''25 struktúra'!$G:$G,'[2]TEÁOR''25 struktúra'!$E:$E) -> 92.0 | K13: =_xlfn.XLOOKUP(TEXT($H13,"0.00"),'[2]TEÁOR''25 struktúra'!$G:$G,'[2]TEÁOR''25 struktúra'!$F:$F) -> Szerencsejáték, fogadás | L13: =_xlfn.XLOOKUP(TEXT($H13,"0.00"),'[2]TEÁOR''25 struktúra'!$G:$G,'[2]TEÁOR''25 struktúra'!$C:$C) -> 92 | M13: =_xlfn.XLOOKUP(TEXT($H13,"0.00"),'[2]TEÁOR''25 struktúra'!$G:$G,'[2]TEÁOR''25 struktúra'!$D:$D) -> Szerencsejáték, fogadás | N13: =_xlfn.XLOOKUP(TEXT($H13,"0.00"),'[2]TEÁOR''25 struktúra'!$G:$G,'[2]TEÁOR''25 struktúra'!$A:$A) -> S | O13: =_xlfn.XLOOKUP(TEXT($H13,"0.00"),'[2]TEÁOR''25 struktúra'!$G:$G,'[2]TEÁOR''25 struktúra'!$B:$B) -> MŰVÉSZET, SPORT, SZABADIDŐ | P13: https://www.e-cegjegyzek.hu/?cegadatlap/0110041628/Cegbetekintes | Q13: 1235816000 | R13: https://e-beszamolo.im.gov.hu/oldal/beszamolo_megjelenites
A14: nosalty.hu | B14: =IF(COUNTIF([1]failed_domains!$A:$A,A14)>0,"Igen","Nem") -> Nem | C14: 45846 | D14: Central Médiacsoport | E14: Zártkörűen Működő Részvénytársaság | F14: https://www.nosalty.hu/impresszum | H14: 58.13 | I14: =_xlfn.XLOOKUP(TEXT($H14,"0.00"),'[2]TEÁOR''25 struktúra'!$G:$G,'[2]TEÁOR''25 struktúra'!$H:$H) -> Folyóirat, időszaki kiadvány kiadása | J14: =_xlfn.XLOOKUP(TEXT($H14,"0.00"),'[2]TEÁOR''25 struktúra'!$G:$G,'[2]TEÁOR''25 struktúra'!$E:$E) -> 58.1 | K14: =_xlfn.XLOOKUP(TEXT($H14,"0.00"),'[2]TEÁOR''25 struktúra'!$G:$G,'[2]TEÁOR''25 struktúra'!$F:$F) -> Könyv-, napilapkiadás, egyéb kiadói tevékenység (kivéve: szoftverkiadás) | L14: =_xlfn.XLOOKUP(TEXT($H14,"0.00"),'[2]TEÁOR''25 struktúra'!$G:$G,'[2]TEÁOR''25 struktúra'!$C:$C) -> 58 | M14: =_xlfn.XLOOKUP(TEXT($H14,"0.00"),'[2]TEÁOR''25 struktúra'!$G:$G,'[2]TEÁOR''25 struktúra'!$D:$D) -> Kiadói tevékenység | N14: =_xlfn.XLOOKUP(TEXT($H14,"0.00"),'[2]TEÁOR''25 struktúra'!$G:$G,'[2]TEÁOR''25 struktúra'!$A:$A) -> J | O14: =_xlfn.XLOOKUP(TEXT($H14,"0.00"),'[2]TEÁOR''25 struktúra'!$G:$G,'[2]TEÁOR''25 struktúra'!$B:$B) -> KIADÓI TEVÉKENYSÉG, MŰSORSZOLGÁLTATÁS, TARTALOMSZOLGÁLTATÁS ÉS -TERJESZTÉS | P14: https://www.e-cegjegyzek.hu/?cegadatlap/0110048280/Cegbetekintes | Q14: 14254791000 | R14: https://e-beszamolo.im.gov.hu/oldal/beszamolo_megjelenites
A15: origo.hu | B15: =IF(COUNTIF([1]failed_domains!$A:$A,A15)>0,"Igen","Nem") -> Nem
A16: atw.hu | B16: =IF(COUNTIF([1]failed_domains!$A:$A,A16)>0,"Igen","Nem") -> Nem
A17: elte.hu | B17: =IF(COUNTIF([1]failed_domains!$A:$A,A17)>0,"Igen","Nem") -> Nem
A18: arukereso.hu | B18: =IF(COUNTIF([1]failed_domains!$A:$A,A18)>0,"Igen","Nem") -> Nem
A19: blikk.hu | B19: =IF(COUNTIF([1]failed_domains!$A:$A,A19)>0,"Igen","Nem") -> Nem
A20: freemail.hu | B20: =IF(COUNTIF([1]failed_domains!$A:$A,A20)>0,"Igen","Nem") -> Nem
A21: nemzetisport.hu | B21: =IF(COUNTIF([1]failed_domains!$A:$A,A21)>0,"Igen","Nem") -> Nem
A22: 444.hu | B22: =IF(COUNTIF([1]failed_domains!$A:$A,A22)>0,"Igen","Nem") -> Nem
A23: startlap.hu | B23: =IF(COUNTIF([1]failed_domains!$A:$A,A23)>0,"Igen","Nem") -> Nem
A24: mindmegette.hu | B24: =IF(COUNTIF([1]failed_domains!$A:$A,A24)>0,"Igen","Nem") -> Nem
A25: index.hu | B25: =IF(COUNTIF([1]failed_domains!$A:$A,A25)>0,"Igen","Nem") -> Nem
A26: penzcentrum.hu | B26: =IF(COUNTIF([1]failed_domains!$A:$A,A26)>0,"Igen","Nem") -> Nem
... A1001: enternet.hu | B1001: =IF(COUNTIF([1]failed_domains!$A:$A,A1001)>0,"Igen","Nem") -> Nem
