Workbook
Name FilePath: Helper!$A$1

Sheet Helper
A1: {=LEFT(CELL("filename",A1),FIND("[",CELL("filename",A1))-1)} -> C:\Users\Zsolt\Projects\hungarian-web-accessibility-audit\

Sheet analytical_sample
A1: 2025-06-03 | B1: 2025-06-10 | C1: 2025-06-17 | D1: 2025-06-24 | E1: 2025-07-01 | F1: 2025-07-08 | G1: 2025-07-15 | H1: 2025-07-22 | I1: 2025-07-29 | J1: 2025-08-05 | K1: 2025-08-12 | L1: 2025-08-19 | M1: 2025-08-26 | N1: 2025-09-02 | O1: 2025-09-09 | P1: 2025-09-16 | Q1: 2025-09-23 | R1: 2025-09-30 | S1: 2025-10-07 | T1: 2025-10-14 | U1: 2025-10-21 | V1: 2025-10-28 | W1: 2025-11-04 | X1: 2025-11-11 | Y1: 2025-11-18 | Z1: 2025-11-25 | AA1: 2025-12-02 | AB1: 2025-12-09 | AC1: 2025-12-16 | AD1: 2025-12-23 | AE1: 2025-12-30 | AF1: 2026-01-06 | AG1: 2026-01-13 | AH1: 2026-01-20 | AI1: 2026-01-27 | AJ1: 2026-02-03 | AK1: 2026-02-10 | AL1: 2026-02-17 | AM1: 2026-02-24 | AN1: 2026-03-03 | AO1: 2026-03-10 | AP1: 2026-03-17 | AQ1: 2026-03-24 | AR1: 2026-03-31 | AS1: Átlag
A2: 154 | B2: 162 | C2: 153 | D2: 144 | E2: 140 | F2: 154 | G2: 162 | H2: 154 | I2: 152 | J2: 153 | K2: 139 | L2: 154 | M2: 146 | N2: 156 | O2: 149 | P2: 152 | Q2: 161 | R2: 158 | S2: 141 | T2: 160 | U2: 150 | V2: 164 | W2: 156 | X2: 156 | Y2: 162 | Z2: 144 | AA2: 165 | AB2: 154 | AC2: 150 | AD2: 162 | AE2: 156 | AF2: 149 | AG2: 140 | AH2: 153 | AI2: 164 | AJ2: 160 | AK2: 154 | AL2: 165 | AM2: 156 | AN2: 154 | AO2: 157 | AP2: 146 | AQ2: 165 | AR2: 152 | AS2: 154.04545
A3: 136 | B3: 139 | C3: 155 | D3: 137 | E3: 143 | F3: 147 | G3: 146 | H3: 152 | I3: 146 | J3: 138 | K3: 149 | L3: 146 | M3: 140 | N3: 146 | O3: 147 | P3: 156 | Q3: 139 | R3: 144 | S3: 161 | T3: 154 | U3: 147 | V3: 152 | W3: 139 | X3: 148 | Y3: 151 | Z3: 153 | AA3: 153 | AB3: 146 | AC3: 147 | AD3: 146 | AE3: 146 | AF3: 138 | AG3: 134 | AH3: 118 | AI3: 118 | AJ3: 129 | AK3: 112 | AL3: 117 | AM3: 124 | AN3: 125 | AO3: 124 | AP3: 124 | AQ3: 116 | AR3: 123 | AS3: 139.79545
A4: 174 | B4: 181 | C4: 174 | D4: 174 | E4: 175 | F4: 174 | G4: 174 | H4: 174 | I4: 174 | J4: 176 | K4: 174 | L4: 164 | M4: 164 | N4: 175 | O4: 175 | P4: 175 | Q4: 174 | R4: 175 | S4: 173 | T4: 174 | U4: 172 | V4: 174 | W4: 173 | X4: 180 | Y4: 174 | Z4: 173 | AA4: 168 | AB4: 173 | AC4: 173 | AD4: 130 | AE4: 129 | AF4: 129 | AG4: 130 | AH4: 129 | AI4: 129 | AJ4: 130 | AK4: 135 | AL4: 129 | AM4: 130 | AN4: 135 | AO4: 124 | AP4: 134 | AQ4: 129 | AR4: 2 | AS4: 155.84091
A5: 126 | B5: 123 | C5: 121 | D5: 110 | E5: 121 | F5: 127 | G5: 122 | H5: 124 | I5: 124 | J5: 126 | K5: 124 | L5: 120 | M5: 118 | N5: 119 | O5: 123 | P5: 119 | Q5: 121 | R5: 120 | S5: 117 | T5: 112 | U5: 115 | V5: 116 | W5: 119 | X5: 117 | Y5: 109 | Z5: 116 | AA5: 115 | AB5: 112 | AC5: 124 | AD5: 125 | AE5: 113 | AF5: 117 | AG5: 112 | AH5: 118 | AI5: 114 | AJ5: 118 | AK5: 114 | AL5: 116 | AM5: 107 | AN5: 167 | AO5: 132 | AP5: 179 | AQ5: 142 | AR5: 203 | AS5: 123.56818
A6: 156 | B6: 167 | C6: 150 | D6: 155 | E6: 162 | F6: 159 | G6: 159 | H6: 159 | I6: 158 | J6: 159 | K6: 155 | L6: 147 | M6: 145 | N6: 141 | O6: 138 | P6: 137 | Q6: 139 | R6: 140 | S6: 139 | T6: 140 | U6: 141 | V6: 141 | W6: 136 | X6: 142 | Y6: 141 | Z6: 139 | AA6: 134 | AB6: 140 | AC6: 134 | AD6: 141 | AE6: 137 | AF6: 140 | AG6: 135 | AH6: 131 | AI6: 135 | AJ6: 135 | AK6: 135 | AL6: 134 | AM6: 134 | AN6: 131 | AO6: 135 | AP6: 136 | AQ6: 136 | AR6: 136 | AS6: 142.81818
A7: 230 | B7: 227 | C7: 243 | D7: 105 | E7: 195 | F7: 208 | G7: 139 | H7: 152 | I7: 143 | J7: 163 | K7: 158 | L7: 161 | M7: 161 | N7: 155 | O7: 139 | P7: 140 | Q7: 137 | R7: 149 | S7: 145 | T7: 161 | U7: 134 | V7: 159 | W7: 151 | X7: 160 | Y7: 74 | Z7: 158 | AA7: 158 | AB7: 72 | AC7: 144 | AD7: 144 | AE7: 55 | AF7: 66 | AG7: 67 | AH7: 66 | AI7: 76 | AJ7: 41 | AK7: 75 | AL7: 55 | AM7: 81 | AN7: 81 | AO7: 76 | AP7: 152 | AQ7: 148 | AR7: 147 | AS7: 132.97727
A8: 202 | B8: 185 | C8: 78 | D8: 84 | E8: 97 | F8: 76 | G8: 89 | H8: 74 | I8: 72 | J8: 66 | K8: 66 | L8: 72 | M8: 60 | N8: 30 | O8: 27 | P8: 28 | Q8: 36 | R8: 29 | S8: 28 | T8: 29 | U8: 29 | V8: 31 | W8: 25 | X8: 25 | Y8: 45 | Z8: 29 | AA8: 23 | AB8: 33 | AC8: 23 | AD8: 22 | AE8: 34 | AF8: 44 | AG8: 36 | AH8: 33 | AI8: 26 | AJ8: 26 | AK8: 17 | AL8: 25 | AM8: 24 | AN8: 21 | AO8: 18 | AP8: 21 | AQ8: 20 | AR8: 23 | AS8: 47.295455
A9: 163 | B9: 163 | C9: 163 | D9: 163 | E9: 163 | F9: 163 | G9: 163 | H9: 163 | I9: 163 | J9: 163 | K9: 163 | L9: 163 | M9: 163 | N9: 163 | O9: 163 | P9: 162 | Q9: 162 | R9: 162 | S9: 156 | T9: 162 | U9: 162 | V9: 162 | W9: 162 | X9: 162 | Y9: 162 | Z9: 162 | AA9: 1 | AB9: 1 | AC9: 1 | AD9: 1 | AE9: 1 | AF9: 1 | AG9: 1 | AH9: 1 | AI9: 1 | AJ9: 1 | AK9: 1 | AL9: 1 | AM9: 1 | AN9: 1 | AO9: 1 | AP9: 1 | AQ9: 1 | AR9: 1 | AS9: 96.340909
A10: 76 | B10: 76 | C10: 76 | D10: 76 | E10: 76 | F10: 76 | G10: 76 | H10: 76 | I10: 76 | J10: 76 | K10: 76 | L10: 76 | M10: 76 | N10: 76 | O10: 76 | P10: 76 | Q10: 76 | R10: 76 | S10: 76 | T10: 76 | U10: 76 | V10: 76 | W10: 76 | X10: 76 | Y10: 76 | Z10: 76 | AA10: 76 | AB10: 76 | AC10: 76 | AD10: 76 | AE10: 76 | AF10: 76 | AG10: 76 | AH10: 76 | AI10: 76 | AJ10: 76 | AK10: 76 | AL10: 76 | AM10: 76 | AN10: 76 | AO10: 76 | AP10: 76 | AQ10: 1 | AR10: 1 | AS10: 72.590909
A11: 42 | B11: 42 | C11: 42 | D11: 42 | E11: 42 | F11: 44 | G11: 44 | H11: 43 | I11: 44 | J11: 44 | K11: 44 | L11: 34 | M11: 35 | N11: 35 | O11: 37 | P11: 36 | Q11: 37 | R11: 37 | S11: 36 | T11: 36 | U11: 36 | V11: 37 | W11: 37 | X11: 33 | Y11: 33 | Z11: 34 | AA11: 34 | AB11: 34 | AC11: 35 | AD11: 36 | AE11: 36 | AF11: 35 | AG11: 35 | AH11: 34 | AI11: 35 | AJ11: 35 | AK11: 37 | AL11: 36 | AM11: 37 | AN11: 38 | AO11: 36 | AP11: 37 | AQ11: 33 | AR11: 33 | AS11: 37.318182
A12: 203 | B12: 196 | C12: 200 | D12: 109 | E12: 196 | F12: 199 | G12: 195 | H12: 182 | I12: 188 | J12: 193 | K12: 206 | L12: 205 | M12: 209 | N12: 208 | O12: 187 | P12: 192 | Q12: 197 | R12: 201 | S12: 195 | T12: 219 | U12: 216 | V12: 222 | W12: 233 | X12: 224 | Y12: 141 | Z12: 246 | AA12: 233 | AB12: 125 | AC12: 240 | AD12: 235 | AE12: 131 | AF12: 131 | AG12: 127 | AH12: 132 | AI12: 136 | AJ12: 135 | AK12: 151 | AL12: 151 | AM12: 132 | AN12: 137 | AO12: 144 | AP12: 257 | AQ12: 275 | AR12: 269 | AS12: 188.70455
A13: 620 | B13: 602 | C13: 580 | D13: 568 | E13: 512 | F13: 554 | G13: 572 | H13: 559 | I13: 518 | J13: 539 | K13: 612 | L13: 588 | M13: 587 | N13: 606 | O13: 579 | P13: 588 | Q13: 607 | R13: 591 | S13: 677 | T13: 282 | U13: 329 | V13: 324 | W13: 277 | X13: 315 | Y13: 336 | Z13: 385 | AA13: 310 | AB13: 288 | AC13: 348 | AD13: 275 | AE13: 332 | AF13: 314 | AG13: 299 | AH13: 318 | AI13: 312 | AJ13: 300 | AK13: 283 | AL13: 298 | AM13: 336 | AN13: 321 | AO13: 331 | AP13: 258 | AQ13: 277 | AR13: 308 | AS13: 427.61364
... A710: 19 | B710: 19 | C710: 19 | D710: 19 | E710: 19 | F710: 19 | G710: 19 | H710: 19 | I710: 19 | J710: 19 | K710: 19 | L710: 19 | M710: 19 | N710: 19 | O710: 19 | P710: 19 | Q710: 19 | R710: 19 | S710: 19 | T710: 19 | U710: 19 | V710: 19 | W710: 19 | X710: 19 | Y710: 19 | Z710: 19 | AA710: 19 | AB710: 19 | AC710: 19 | AD710: 19 | AE710: 19 | AF710: 19 | AG710: 19 | AH710: 19 | AI710: 19 | AJ710: 19 | AK710: 19 | AL710: 19 | AM710: 19 | AN710: 20 | AO710: 20 | AP710: 20 | AQ710: 20 | AR710: 20 | AS710: 19.113636

Sheet analytical_sample_p99
A1: Relatív rang | B1: Eredeti rang | C1: Domain | D1: Adószám | E1: Statisztikai számjel | F1: Szakágazat kódja | G1: Szakágazat megnevezése | H1: Alágazat kódja | I1: Alágazat megnevezése | J1: Ágazat kódja | K1: Ágazat megnevezése | L1: Nemzetgazdasági ág kódja | M1: Nemzetgazdasági ág megnevezése | N1: Gazdálkodási forma kódja | O1: Gazdálkodási forma megnevezése | P1: Gazdálkodási forma csoportjának kódja | Q1: Gazdálkodási forma csoportjának megnevezése | R1: Gazdálkodási forma főcsoportjának kódja | S1: Gazdálkodási forma főcsoportjának megnevezése | T1: Székhely szerinti vármegye kódja | U1: Székhely szerinti vármegye megnevezése | V1: Statisztikai régió kódja | W1: Statisztikai régió neve | X1: Statisztikai nagyrégió kódja | Y1: Statisztikai nagyrégió neve | Z1: Alapítás éve | AA1: Létszám | AB1: Nettó árbevétel | AC1: Létszám kód | AD1: Létszám intervallum | AE1: Árbevétel-kategória (kód) | AF1: Árbevétel-kategória (millió Ft) | AG1: Alapítás éve (intervallum) | AH1: KKV | AI1: 2025-06-03 | AJ1: 2025-06-10 | AK1: 2025-06-17 | AL1: 2025-06-24 | AM1: 2025-07-01 | AN1: 2025-07-08 | AO1: 2025-07-15 | AP1: 2025-07-22 | AQ1: 2025-07-29 | AR1: 2025-08-05 | AS1: 2025-08-12 | AT1: 2025-08-19 | AU1: 2025-08-26 | AV1: 2025-09-02 | AW1: 2025-09-09 | AX1: 2025-09-16 | AY1: 2025-09-23 | AZ1: 2025-09-30 | BA1: 2025-10-07 | BB1: 2025-10-14 | BC1: 2025-10-21 | BD1: 2025-10-28 | BE1: 2025-11-04 | BF1: 2025-11-11 | BG1: 2025-11-18 | BH1: 2025-11-25 | BI1: 2025-12-02 | BJ1: 2025-12-09 | BK1: 2025-12-16 | BL1: 2025-12-23 | BM1: 2025-12-30 | BN1: 2026-01-06 | BO1: 2026-01-13 | BP1: 2026-01-20 | BQ1: 2026-01-27 | BR1: 2026-02-03 | BS1: 2026-02-10 | BT1: 2026-02-17 | BU1: 2026-02-24 | BV1: 2026-03-03 | BW1: 2026-03-10 | BX1: 2026-03-17 | BY1: 2026-03-24 | BZ1: 2026-03-31 | CA1: Átlag | CB1: Medián | CC1: Szórás | CD1: Relatív szórás | CE1: Minimum | CF1: Maximum | CG1: Terjedelem | CH1: Különbség | CI1: Különbség abszolútértéke
A2: 1 | B2: 4780 | C2: videa.hu | D2: 24785725-2-44 | E2: 24785725 5812 114 01 | F2: 58.12 | G2: Napilapkiadás | H2: 58.1 | I2: Könyv-, napilapkiadás, egyéb kiadói tevékenység (kivéve: szoftverkiadás) | J2: 58 | K2: Kiadói tevékenység | L2: J | M2: KIADÓI TEVÉKENYSÉG, MŰSORSZOLGÁLTATÁS, TARTALOMSZOLGÁLTATÁS ÉS -TERJESZTÉS | N2: 114 | O2: Részvénytársaság | P2: 11 | Q2: Gazdasági társaság | R2: 1 | S2: Jogi személyiségű vállalkozás | T2: 1 | U2: Budapest | V2: 11 | W2: Budapest | X2: 1 | Y2: Közép-Magyarország | Z2: 2013 | AA2: 1974 | AB2: 57098150000 | AC2: 93 | AD2: 1000-1999 | AE2: C | AF2: 10001 - | AG2: 2011 - 2015 | AH2: nagyvállalat | AI2: 154 | AJ2: 162 | AK2: 153 | AL2: 144 | AM2: 140 | AN2: 154 | AO2: 162 | AP2: 154 | AQ2: 152 | AR2: 153 | AS2: 139 | AT2: 154 | AU2: 146 | AV2: 156 | AW2: 149 | AX2: 152 | AY2: 161 | AZ2: 158 | BA2: 141 | BB2: 160 | BC2: 150 | BD2: 164 | BE2: 156 | BF2: 156 | BG2: 162 | BH2: 144 | BI2: 165 | BJ2: 154 | BK2: 150 | BL2: 162 | BM2: 156 | BN2: 149 | BO2: 140 | BP2: 153 | BQ2: 164 | BR2: 160 | BS2: 154 | BT2: 165 | BU2: 156 | BV2: 154 | BW2: 157 | BX2: 146 | BY2: 165 | BZ2: 152 | CA2: 154.04545 | CB2: 154 | CC2: 7.1461635 | CD2: 0.046389967 | CE2: 139 | CF2: 165 | CG2: 26 | CH2: -2 | CI2: 2
A3: 2 | B3: 5209 | C3: 24.hu | D3: 25087910-2-41 | E3: 25087910 5813 114 01 | F3: 58.13 | G3: Folyóirat, időszaki kiadvány kiadása | H3: 58.1 | I3: Könyv-, napilapkiadás, egyéb kiadói tevékenység (kivéve: szoftverkiadás) | J3: 58 | K3: Kiadói tevékenység | L3: J | M3: KIADÓI TEVÉKENYSÉG, MŰSORSZOLGÁLTATÁS, TARTALOMSZOLGÁLTATÁS ÉS -TERJESZTÉS | N3: 114 | O3: Részvénytársaság | P3: 11 | Q3: Gazdasági társaság | R3: 1 | S3: Jogi személyiségű vállalkozás | T3: 1 | U3: Budapest | V3: 11 | W3: Budapest | X3: 1 | Y3: Közép-Magyarország | Z3: 2014 | AA3: 409 | AB3: 14254790000 | AC3: 82 | AD3: 300-499 | AE3: C | AF3: 10001 - | AG3: 2011 - 2015 | AH3: nagyvállalat | AI3: 136 | AJ3: 139 | AK3: 155 | AL3: 137 | AM3: 143 | AN3: 147 | AO3: 146 | AP3: 152 | AQ3: 146 | AR3: 138 | AS3: 149 | AT3: 146 | AU3: 140 | AV3: 146 | AW3: 147 | AX3: 156 | AY3: 139 | AZ3: 144 | BA3: 161 | BB3: 154 | BC3: 147 | BD3: 152 | BE3: 139 | BF3: 148 | BG3: 151 | BH3: 153 | BI3: 153 | BJ3: 146 | BK3: 147 | BL3: 146 | BM3: 146 | BN3: 138 | BO3: 134 | BP3: 118 | BQ3: 118 | BR3: 129 | BS3: 112 | BT3: 117 | BU3: 124 | BV3: 125 | BW3: 124 | BX3: 124 | BY3: 116 | BZ3: 123 | CA3: 139.79545 | CB3: 145 | CC3: 12.587516 | CD3: 0.090042384 | CE3: 112 | CF3: 161 | CG3: 49 | CH3: -13 | CI3: 13
A4: 3 | B4: 5258 | C4: jofogas.hu | D4: 32606753-2-41 | E4: 32606753 7312 113 01 | F4: 73.12 | G4: Médiareklám | H4: 73.1 | I4: Reklám | J4: 73 | K4: Reklám, piackutatás, PR-tevékenység | L4: N | M4: SZAKMAI, TUDOMÁNYOS, MŰSZAKI TEVÉKENYSÉG | N4: 113 | O4: Korlátolt felelősségű társaság | P4: 11 | Q4: Gazdasági társaság | R4: 1 | S4: Jogi személyiségű vállalkozás | T4: 1 | U4: Budapest | V4: 11 | W4: Budapest | X4: 1 | Y4: Közép-Magyarország | Z4: 2024 | AA4: 58 | AB4: 529480000 | AC4: 50 | AD4: 50-99 | AE4: 5 | AF4: 501 - 700 | AG4: 2021 - 2025 | AH4: középvállalkozás | AI4: 174 | AJ4: 181 | AK4: 174 | AL4: 174 | AM4: 175 | AN4: 174 | AO4: 174 | AP4: 174 | AQ4: 174 | AR4: 176 | AS4: 174 | AT4: 164 | AU4: 164 | AV4: 175 | AW4: 175 | AX4: 175 | AY4: 174 | AZ4: 175 | BA4: 173 | BB4: 174 | BC4: 172 | BD4: 174 | BE4: 173 | BF4: 180 | BG4: 174 | BH4: 173 | BI4: 168 | BJ4: 173 | BK4: 173 | BL4: 130 | BM4: 129 | BN4: 129 | BO4: 130 | BP4: 129 | BQ4: 129 | BR4: 130 | BS4: 135 | BT4: 129 | BU4: 130 | BV4: 135 | BW4: 124 | BX4: 134 | BY4: 129 | BZ4: 2 | CA4: 155.84091 | CB4: 173 | CC4: 31.419845 | CD4: 0.20161487 | CE4: 2 | CF4: 181 | CG4: 179 | CH4: -172 | CI4: 172
A5: 4 | B5: 5338 | C5: idokep.hu | D5: 14940961-2-13 | E5: 14940961 6220 113 13 | F5: 62.2 | G5: Információtechnológiai szaktanácsadás és számítástechnikai eszközök, rendszerek üzemeltetése | H5: 62.2 | I5: Információtechnológiai szaktanácsadás és számítástechnikai eszközök, rendszerek üzemeltetése | J5: 62 | K5: Információtechnológiai szolgáltatás | L5: K | M5: TÁVKÖZLÉS, SZÁMÍTÓGÉPES PROGRAMOZÁS, INFORMÁCIÓTECHNOLÓGIAI SZAKTANÁCSADÁS, SZÁMÍTÁSTECHNIKAI INFRASTRUKTÚRA ÉS EGYÉB INFORMÁCIÓS SZOLGÁLTATÁSOK | N5: 113 | O5: Korlátolt felelősségű társaság | P5: 11 | Q5: Gazdasági társaság | R5: 1 | S5: Jogi személyiségű vállalkozás | T5: 13 | U5: Pest | V5: 12 | W5: Pest | X5: 1 | Y5: Közép-Magyarország | Z5: 2009 | AA5: 12 | AB5: 451240000 | AC5: 30 | AD5: 10-19 | AE5: 4 | AF5: 301 - 500 | AG5: 2006 - 2010 | AH5: kisvállalkozás | AI5: 126 | AJ5: 123 | AK5: 121 | AL5: 110 | AM5: 121 | AN5: 127 | AO5: 122 | AP5: 124 | AQ5: 124 | AR5: 126 | AS5: 124 | AT5: 120 | AU5: 118 | AV5: 119 | AW5: 123 | AX5: 119 | AY5: 121 | AZ5: 120 | BA5: 117 | BB5: 112 | BC5: 115 | BD5: 116 | BE5: 119 | BF5: 117 | BG5: 109 | BH5: 116 | BI5: 115 | BJ5: 112 | BK5: 124 | BL5: 125 | BM5: 113 | BN5: 117 | BO5: 112 | BP5: 118 | BQ5: 114 | BR5: 118 | BS5: 114 | BT5: 116 | BU5: 107 | BV5: 167 | BW5: 132 | BX5: 179 | BY5: 142 | BZ5: 203 | CA5: 123.56818 | CB5: 119 | CC5: 17.865646 | CD5: 0.14458128 | CE5: 107 | CF5: 203 | CG5: 96 | CH5: 77 | CI5: 77
A6: 5 | B6: 5518 | C6: mandiner.hu | D6: 32696242-2-43 | E6: 32696242 5813 573 01 | F6: 58.13 | G6: Folyóirat, időszaki kiadvány kiadása | H6: 58.1 | I6: Könyv-, napilapkiadás, egyéb kiadói tevékenység (kivéve: szoftverkiadás) | J6: 58 | K6: Kiadói tevékenység | L6: J | M6: KIADÓI TEVÉKENYSÉG, MŰSORSZOLGÁLTATÁS, TARTALOMSZOLGÁLTATÁS ÉS -TERJESZTÉS | N6: 573 | O6: Nonprofit részvénytársaság | P6: 57 | Q6: Nonprofit gazdasági társaság | R6: 5 | S6: Jogi személyiségű nonprofit szervezet | T6: 1 | U6: Budapest | V6: 11 | W6: Budapest | X6: 1 | Y6: Közép-Magyarország | Z6: 2024 | AA6: 127 | AC6: 61 | AD6: 100-149 | AE6: 0 | AF6: ismeretlen | AG6: 2021 - 2025 | AI6: 156 | AJ6: 167 | AK6: 150 | AL6: 155 | AM6: 162 | AN6: 159 | AO6: 159 | AP6: 159 | AQ6: 158 | AR6: 159 | AS6: 155 | AT6: 147 | AU6: 145 | AV6: 141 | AW6: 138 | AX6: 137 | AY6: 139 | AZ6: 140 | BA6: 139 | BB6: 140 | BC6: 141 | BD6: 141 | BE6: 136 | BF6: 142 | BG6: 141 | BH6: 139 | BI6: 134 | BJ6: 140 | BK6: 134 | BL6: 141 | BM6: 137 | BN6: 140 | BO6: 135 | BP6: 131 | BQ6: 135 | BR6: 135 | BS6: 135 | BT6: 134 | BU6: 134 | BV6: 131 | BW6: 135 | BX6: 136 | BY6: 136 | BZ6: 136 | CA6: 142.81818 | CB6: 140 | CC6: 9.6936151 | CD6: 0.067873817 | CE6: 131 | CF6: 167 | CG6: 36 | CH6: -20 | CI6: 20
A7: 6 | B7: 5570 | C7: portfolio.hu | D7: 12527052-2-41 | E7: 12527052 6039 114 01 | F7: 60.39 | G7: Egyéb tartalomterjesztési tevékenység | H7: 60.3 | I7: Hírügynökségi és egyéb tartalomterjesztési tevékenység | J7: 60 | K7: Műsor-összeállítás, műsorszolgáltatás, hírügynökségi és egyéb tartalomterjesztési tevékenység | L7: J | M7: KIADÓI TEVÉKENYSÉG, MŰSORSZOLGÁLTATÁS, TARTALOMSZOLGÁLTATÁS ÉS -TERJESZTÉS | N7: 114 | O7: Részvénytársaság | P7: 11 | Q7: Gazdasági társaság | R7: 1 | S7: Jogi személyiségű vállalkozás | T7: 1 | U7: Budapest | V7: 11 | W7: Budapest | X7: 1 | Y7: Közép-Magyarország | Z7: 2000 | AA7: 89 | AB7: 4394160000 | AC7: 50 | AD7: 50-99 | AE7: A | AF7: 4001 - 7000 | AG7: 1996 - 2000 | AH7: középvállalkozás | AI7: 230 | AJ7: 227 | AK7: 243 | AL7: 105 | AM7: 195 | AN7: 208 | AO7: 139 | AP7: 152 | AQ7: 143 | AR7: 163 | AS7: 158 | AT7: 161 | AU7: 161 | AV7: 155 | AW7: 139 | AX7: 140 | AY7: 137 | AZ7: 149 | BA7: 145 | BB7: 161 | BC7: 134 | BD7: 159 | BE7: 151 | BF7: 160 | BG7: 74 | BH7: 158 | BI7: 158 | BJ7: 72 | BK7: 144 | BL7: 144 | BM7: 55 | BN7: 66 | BO7: 67 | BP7: 66 | BQ7: 76 | BR7: 41 | BS7: 75 | BT7: 55 | BU7: 81 | BV7: 81 | BW7: 76 | BX7: 152 | BY7: 148 | BZ7: 147 | CA7: 132.97727 | CB7: 144.5 | CC7: 49.743289 | CD7: 0.37407362 | CE7: 41 | CF7: 243 | CG7: 202 | CH7: -83 | CI7: 83
A8: 7 | B8: 5867 | C8: hvg.hu | D8: 10226353-2-41 | E8: 10226353 5813 114 01 | F8: 58.13 | G8: Folyóirat, időszaki kiadvány kiadása | H8: 58.1 | I8: Könyv-, napilapkiadás, egyéb kiadói tevékenység (kivéve: szoftverkiadás) | J8: 58 | K8: Kiadói tevékenység | L8: J | M8: KIADÓI TEVÉKENYSÉG, MŰSORSZOLGÁLTATÁS, TARTALOMSZOLGÁLTATÁS ÉS -TERJESZTÉS | N8: 114 | O8: Részvénytársaság | P8: 11 | Q8: Gazdasági társaság | R8: 1 | S8: Jogi személyiségű vállalkozás | T8: 1 | U8: Budapest | V8: 11 | W8: Budapest | X8: 1 | Y8: Közép-Magyarország | Z8: 1989 | AA8: 194 | AB8: 5150780000 | AC8: 62 | AD8: 150-199 | AE8: A | AF8: 4001 - 7000 | AG8: 1986 - 1990 | AH8: középvállalkozás | AI8: 202 | AJ8: 185 | AK8: 78 | AL8: 84 | AM8: 97 | AN8: 76 | AO8: 89 | AP8: 74 | AQ8: 72 | AR8: 66 | AS8: 66 | AT8: 72 | AU8: 60 | AV8: 30 | AW8: 27 | AX8: 28 | AY8: 36 | AZ8: 29 | BA8: 28 | BB8: 29 | BC8: 29 | BD8: 31 | BE8: 25 | BF8: 25 | BG8: 45 | BH8: 29 | BI8: 23 | BJ8: 33 | BK8: 23 | BL8: 22 | BM8: 34 | BN8: 44 | BO8: 36 | BP8: 33 | BQ8: 26 | BR8: 26 | BS8: 17 | BT8: 25 | BU8: 24 | BV8: 21 | BW8: 18 | BX8: 21 | BY8: 20 | BZ8: 23 | CA8: 47.295455 | CB8: 29.5 | CC8: 39.233102 | CD8: 0.82953218 | CE8: 17 | CF8: 202 | CG8: 185 | CH8: -179 | CI8: 179
A9: 8 | B9: 5910 | C9: hasznaltauto.hu | D9: 14918618-2-41 | E9: 14918618 7312 113 01 | F9: 73.12 | G9: Médiareklám | H9: 73.1 | I9: Reklám | J9: 73 | K9: Reklám, piackutatás, PR-tevékenység | L9: N | M9: SZAKMAI, TUDOMÁNYOS, MŰSZAKI TEVÉKENYSÉG | N9: 113 | O9: Korlátolt felelősségű társaság | P9: 11 | Q9: Gazdasági társaság | R9: 1 | S9: Jogi személyiségű vállalkozás | T9: 1 | U9: Budapest | V9: 11 | W9: Budapest | X9: 1 | Y9: Közép-Magyarország | Z9: 2009 | AA9: 66 | AB9: 5514400000 | AC9: 50 | AD9: 50-99 | AE9: A | AF9: 4001 - 7000 | AG9: 2006 - 2010 | AH9: középvállalkozás | AI9: 163 | AJ9: 163 | AK9: 163 | AL9: 163 | AM9: 163 | AN9: 163 | AO9: 163 | AP9: 163 | AQ9: 163 | AR9: 163 | AS9: 163 | AT9: 163 | AU9: 163 | AV9: 163 | AW9: 163 | AX9: 162 | AY9: 162 | AZ9: 162 | BA9: 156 | BB9: 162 | BC9: 162 | BD9: 162 | BE9: 162 | BF9: 162 | BG9: 162 | BH9: 162 | BI9: 1 | BJ9: 1 | BK9: 1 | BL9: 1 | BM9: 1 | BN9: 1 | BO9: 1 | BP9: 1 | BQ9: 1 | BR9: 1 | BS9: 1 | BT9: 1 | BU9: 1 | BV9: 1 | BW9: 1 | BX9: 1 | BY9: 1 | BZ9: 1 | CA9: 96.340909 | CB9: 162 | CC9: 80.252492 | CD9: 0.83300534 | CE9: 1 | CF9: 163 | CG9: 162 | CH9: -162 | CI9: 162
A10: 9 | B10: 6253 | C10: gyakorikerdesek.hu | D10: 14435986-2-13 | E10: 14435986 6310 113 13 | F10: 63.1 | G10: Számítástechnikai infrastruktúra, adatfeldolgozás, tárhelyszolgáltatás és kapcsolódó szolgáltatások | H10: 63.1 | I10: Számítástechnikai infrastruktúra, adatfeldolgozás, tárhelyszolgáltatás és kapcsolódó szolgáltatások | J10: 63 | K10: Számítástechnikai infrastruktúra, adatfeldolgozás, tárhelyszolgáltatás és egyéb információs szolgáltatási tevékenységek | L10: K | M10: TÁVKÖZLÉS, SZÁMÍTÓGÉPES PROGRAMOZÁS, INFORMÁCIÓTECHNOLÓGIAI SZAKTANÁCSADÁS, SZÁMÍTÁSTECHNIKAI INFRASTRUKTÚRA ÉS EGYÉB INFORMÁCIÓS SZOLGÁLTATÁSOK | N10: 113 | O10: Korlátolt felelősségű társaság | P10: 11 | Q10: Gazdasági társaság | R10: 1 | S10: Jogi személyiségű vállalkozás | T10: 13 | U10: Pest | V10: 12 | W10: Pest | X10: 1 | Y10: Közép-Magyarország | Z10: 2008 | AA10: 4 | AB10: 58040000 | AC10: 15 | AD10: 3-4 | AE10: 3 | AF10: 51 - 300 | AG10: 2006 - 2010 | AH10: mikrovállalkozás | AI10: 76 | AJ10: 76 | AK10: 76 | AL10: 76 | AM10: 76 | AN10: 76 | AO10: 76 | AP10: 76 | AQ10: 76 | AR10: 76 | AS10: 76 | AT10: 76 | AU10: 76 | AV10: 76 | AW10: 76 | AX10: 76 | AY10: 76 | AZ10: 76 | BA10: 76 | BB10: 76 | BC10: 76 | BD10: 76 | BE10: 76 | BF10: 76 | BG10: 76 | BH10: 76 | BI10: 76 | BJ10: 76 | BK10: 76 | BL10: 76 | BM10: 76 | BN10: 76 | BO10: 76 | BP10: 76 | BQ10: 76 | BR10: 76 | BS10: 76 | BT10: 76 | BU10: 76 | BV10: 76 | BW10: 76 | BX10: 76 | BY10: 1 | BZ10: 1 | CA10: 72.590909 | CB10: 76 | CC10: 15.803029 | CD10: 0.21769984 | CE10: 1 | CF10: 76 | CG10: 75 | CH10: -75 | CI10: 75
A11: 10 | B11: 6522 | C11: kiskegyed.hu | D11: 10237580-2-43 | E11: 10237580 5813 113 01 | F11: 58.13 | G11: Folyóirat, időszaki kiadvány kiadása | H11: 58.1 | I11: Könyv-, napilapkiadás, egyéb kiadói tevékenység (kivéve: szoftverkiadás) | J11: 58 | K11: Kiadói tevékenység | L11: J | M11: KIADÓI TEVÉKENYSÉG, MŰSORSZOLGÁLTATÁS, TARTALOMSZOLGÁLTATÁS ÉS -TERJESZTÉS | N11: 113 | O11: Korlátolt felelősségű társaság | P11: 11 | Q11: Gazdasági társaság | R11: 1 | S11: Jogi személyiségű vállalkozás | T11: 1 | U11: Budapest | V11: 11 | W11: Budapest | X11: 1 | Y11: Közép-Magyarország | Z11: 1989 | AA11: 283 | AB11: 12119080000 | AC11: 81 | AD11: 250-299 | AE11: C | AF11: 10001 - | AG11: 1986 - 1990 | AH11: nagyvállalat | AI11: 42 | AJ11: 42 | AK11: 42 | AL11: 42 | AM11: 42 | AN11: 44 | AO11: 44 | AP11: 43 | AQ11: 44 | AR11: 44 | AS11: 44 | AT11: 34 | AU11: 35 | AV11: 35 | AW11: 37 | AX11: 36 | AY11: 37 | AZ11: 37 | BA11: 36 | BB11: 36 | BC11: 36 | BD11: 37 | BE11: 37 | BF11: 33 | BG11: 33 | BH11: 34 | BI11: 34 | BJ11: 34 | BK11: 35 | BL11: 36 | BM11: 36 | BN11: 35 | BO11: 35 | BP11: 34 | BQ11: 35 | BR11: 35 | BS11: 37 | BT11: 36 | BU11: 37 | BV11: 38 | BW11: 36 | BX11: 37 | BY11: 33 | BZ11: 33 | CA11: 37.318182 | CB11: 36 | CC11: 3.5684191 | CD11: 0.095621463 | CE11: 33 | CF11: 44 | CG11: 11 | CH11: -9 | CI11: 9
A12: 11 | B12: 6536 | C12: telex.hu | D12: 32073380-2-41 | E12: 32073380 6039 114 01 | F12: 60.39 | G12: Egyéb tartalomterjesztési tevékenység | H12: 60.3 | I12: Hírügynökségi és egyéb tartalomterjesztési tevékenység | J12: 60 | K12: Műsor-összeállítás, műsorszolgáltatás, hírügynökségi és egyéb tartalomterjesztési tevékenység | L12: J | M12: KIADÓI TEVÉKENYSÉG, MŰSORSZOLGÁLTATÁS, TARTALOMSZOLGÁLTATÁS ÉS -TERJESZTÉS | N12: 114 | O12: Részvénytársaság | P12: 11 | Q12: Gazdasági társaság | R12: 1 | S12: Jogi személyiségű vállalkozás | T12: 1 | U12: Budapest | V12: 11 | W12: Budapest | X12: 1 | Y12: Közép-Magyarország | Z12: 2022 | AA12: 127 | AB12: 1115810000 | AC12: 61 | AD12: 100-149 | AE12: 7 | AF12: 1001 - 2500 | AG12: 2021 - 2025 | AH12: középvállalkozás | AI12: 203 | AJ12: 196 | AK12: 200 | AL12: 109 | AM12: 196 | AN12: 199 | AO12: 195 | AP12: 182 | AQ12: 188 | AR12: 193 | AS12: 206 | AT12: 205 | AU12: 209 | AV12: 208 | AW12: 187 | AX12: 192 | AY12: 197 | AZ12: 201 | BA12: 195 | BB12: 219 | BC12: 216 | BD12: 222 | BE12: 233 | BF12: 224 | BG12: 141 | BH12: 246 | BI12: 233 | BJ12: 125 | BK12: 240 | BL12: 235 | BM12: 131 | BN12: 131 | BO12: 127 | BP12: 132 | BQ12: 136 | BR12: 135 | BS12: 151 | BT12: 151 | BU12: 132 | BV12: 137 | BW12: 144 | BX12: 257 | BY12: 275 | BZ12: 269 | CA12: 188.70455 | CB12: 196 | CC12: 43.022211 | CD12: 0.22798715 | CE12: 109 | CF12: 275 | CG12: 166 | CH12: 66 | CI12: 66
A13: 12 | B13: 6565 | C13: tippmix.hu | D13: 10580204-2-44 | E13: 10580204 9200 114 01 | F13: 92 | G13: Szerencsejáték, fogadás | H13: 92 | I13: Szerencsejáték, fogadás | J13: 92 | K13: Szerencsejáték, fogadás | L13: S | M13: MŰVÉSZET, SPORT, SZABADIDŐ | N13: 114 | O13: Részvénytársaság | P13: 11 | Q13: Gazdasági társaság | R13: 1 | S13: Jogi személyiségű vállalkozás | T13: 1 | U13: Budapest | V13: 11 | W13: Budapest | X13: 1 | Y13: Közép-Magyarország | Z13: 1990 | AA13: 1910 | AB13: 1235816000000 | AC13: 93 | AD13: 1000-1999 | AE13: C | AF13: 10001 - | AG13: 1986 - 1990 | AH13: nagyvállalat | AI13: 620 | AJ13: 602 | AK13: 580 | AL13: 568 | AM13: 512 | AN13: 554 | AO13: 572 | AP13: 559 | AQ13: 518 | AR13: 539 | AS13: 612 | AT13: 588 | AU13: 587 | AV13: 606 | AW13: 579 | AX13: 588 | AY13: 607 | AZ13: 591 | BA13: 677 | BB13: 282 | BC13: 329 | BD13: 324 | BE13: 277 | BF13: 315 | BG13: 336 | BH13: 385 | BI13: 310 | BJ13: 288 | BK13: 348 | BL13: 275 | BM13: 332 | BN13: 314 | BO13: 299 | BP13: 318 | BQ13: 312 | BR13: 300 | BS13: 283 | BT13: 298 | BU13: 336 | BV13: 321 | BW13: 331 | BX13: 258 | BY13: 277 | BZ13: 308 | CA13: 427.61364 | CB13: 336 | CC13: 139.91779 | CD13: 0.32720609 | CE13: 258 | CF13: 677 | CG13: 419 | CH13: -312 | CI13: 312
A14: 13 | B14: 11330 | C14: nosalty.hu | D14: 25087910-2-41 | E14: 25087910 5813 114 01 | F14: 58.13 | G14: Folyóirat, időszaki kiadvány kiadása | H14: 58.1 | I14: Könyv-, napilapkiadás, egyéb kiadói tevékenység (kivéve: szoftverkiadás) | J14: 58 | K14: Kiadói tevékenység | L14: J | M14: KIADÓI TEVÉKENYSÉG, MŰSORSZOLGÁLTATÁS, TARTALOMSZOLGÁLTATÁS ÉS -TERJESZTÉS | N14: 114 | O14: Részvénytársaság | P14: 11 | Q14: Gazdasági társaság | R14: 1 | S14: Jogi személyiségű vállalkozás | T14: 1 | U14: Budapest | V14: 11 | W14: Budapest | X14: 1 | Y14: Közép-Magyarország | Z14: 2014 | AA14: 409 | AB14: 14254790000 | AC14: 82 | AD14: 300-499 | AE14: C | AF14: 10001 - | AG14: 2011 - 2015 | AH14: nagyvállalat | AI14: 74 | AJ14: 74 | AK14: 74 | AL14: 74 | AM14: 73 | AN14: 73 | AO14: 73 | AP14: 73 | AQ14: 73 | AR14: 80 | AS14: 80 | AT14: 82 | AU14: 79 | AV14: 69 | AW14: 69 | AX14: 75 | AY14: 75 | AZ14: 75 | BA14: 72 | BB14: 75 | BC14: 75 | BD14: 75 | BE14: 74 | BF14: 75 | BG14: 70 | BH14: 73 | BI14: 68 | BJ14: 68 | BK14: 69 | BL14: 79 | BM14: 78 | BN14: 77 | BO14: 77 | BP14: 78 | BQ14: 78 | BR14: 66 | BS14: 76 | BT14: 75 | BU14: 72 | BV14: 70 | BW14: 65 | BX14: 69 | BY14: 69 | BZ14: 69 | CA14: 73.568182 | CB14: 74 | CC14: 3.9437777 | CD14: 0.053607111 | CE14: 65 | CF14: 82 | CG14: 17 | CH14: -5 | CI14: 5
A15: 14 | B15: 11465 | C15: origo.hu | D15: 24785725-2-44 | E15: 24785725 5812 114 01 | F15: 58.12 | G15: Napilapkiadás | H15: 58.1 | I15: Könyv-, napilapkiadás, egyéb kiadói tevékenység (kivéve: szoftverkiadás) | J15: 58 | K15: Kiadói tevékenység | L15: J | M15: KIADÓI TEVÉKENYSÉG, MŰSORSZOLGÁLTATÁS, TARTALOMSZOLGÁLTATÁS ÉS -TERJESZTÉS | N15: 114 | O15: Részvénytársaság | P15: 11 | Q15: Gazdasági társaság | R15: 1 | S15: Jogi személyiségű vállalkozás | T15: 1 | U15: Budapest | V15: 11 | W15: Budapest | X15: 1 | Y15: Közép-Magyarország | Z15: 2013 | AA15: 1974 | AB15: 57098150000 | AC15: 93 | AD15: 1000-1999 | AE15: C | AF15: 10001 - | AG15: 2011 - 2015 | AH15: nagyvállalat | AI15: 30 | AJ15: 36 | AK15: 36 | AL15: 31 | AM15: 37 | AN15: 35 | AO15: 33 | AP15: 30 | AQ15: 28 | AR15: 31 | AS15: 32 | AT15: 26 | AU15: 29 | AV15: 27 | AW15: 33 | AX15: 30 | AY15: 30 | AZ15: 30 | BA15: 31 | BB15: 33 | BC15: 31 | BD15: 34 | BE15: 31 | BF15: 34 | BG15: 26 | BH15: 32 | BI15: 35 | BJ15: 32 | BK15: 37 | BL15: 36 | BM15: 34 | BN15: 37 | BO15: 33 | BP15: 35 | BQ15: 34 | BR15: 34 | BS15: 36 | BT15: 33 | BU15: 33 | BV15: 36 | BW15: 35 | BX15: 35 | BY15: 39 | BZ15: 36 | CA15: 32.863636 | CB15: 33 | CC15: 3.0696633 | CD15: 0.093406077 | CE15: 26 | CF15: 39 | CG15: 13 | CH15: 6 | CI15: 6
A16: 15 | B16: 11839 | C16: atw.hu | D16: 13471868-2-41 | E16: 13471868 6220 113 01 | F16: 62.2 | G16: Információtechnológiai szaktanácsadás és számítástechnikai eszközök, rendszerek üzemeltetése | H16: 62.2 | I16: Információtechnológiai szaktanácsadás és számítástechnikai eszközök, rendszerek üzemeltetése | J16: 62 | K16: Információtechnológiai szolgáltatás | L16: K | M16: TÁVKÖZLÉS, SZÁMÍTÓGÉPES PROGRAMOZÁS, INFORMÁCIÓTECHNOLÓGIAI SZAKTANÁCSADÁS, SZÁMÍTÁSTECHNIKAI INFRASTRUKTÚRA ÉS EGYÉB INFORMÁCIÓS SZOLGÁLTATÁSOK | N16: 113 | O16: Korlátolt felelősségű társaság | P16: 11 | Q16: Gazdasági társaság | R16: 1 | S16: Jogi személyiségű vállalkozás | T16: 1 | U16: Budapest | V16: 11 | W16: Budapest | X16: 1 | Y16: Közép-Magyarország | Z16: 2005 | AA16: 8 | AB16: 374800000 | AC16: 22 | AD16: 5-9 | AE16: 4 | AF16: 301 - 500 | AG16: 2001 - 2005 | AH16: mikrovállalkozás | AI16: 43 | AJ16: 43 | AK16: 43 | AL16: 44 | AM16: 45 | AN16: 45 | AO16: 45 | AP16: 45 | AQ16: 45 | AR16: 45 | AS16: 45 | AT16: 45 | AU16: 45 | AV16: 45 | AW16: 45 | AX16: 45 | AY16: 45 | AZ16: 45 | BA16: 45 | BB16: 45 | BC16: 45 | BD16: 45 | BE16: 45 | BF16: 45 | BG16: 45 | BH16: 45 | BI16: 45 | BJ16: 45 | BK16: 44 | BL16: 44 | BM16: 44 | BN16: 44 | BO16: 44 | BP16: 44 | BQ16: 44 | BR16: 44 | BS16: 44 | BT16: 44 | BU16: 44 | BV16: 44 | BW16: 44 | BX16: 44 | BY16: 44 | BZ16: 44 | CA16: 44.477273 | CB16: 45 | CC16: 0.62834727 | CD16: 0.014127379 | CE16: 43 | CF16: 45 | CG16: 2 | CH16: 1 | CI16: 1
A17: 16 | B17: 12384 | C17: elte.hu | D17: 15308744-2-41 | E17: 15308744 8540 312 01 | F17: 85.4 | G17: Felsőoktatás | H17: 85.4 | I17: Felsőoktatás | J17: 85 | K17: Oktatás | L17: Q | M17: OKTATÁS | N17: 312 | O17: Központi költségvetési szerv | P17: 31 | Q17: Központi költségvetési irányító és költségvetési szervek | R17: 3 | S17: Költségvetési szervek és költségvetési rend szerint gazdálkodó szervek | T17: 1 | U17: Budapest | V17: 11 | W17: Budapest | X17: 1 | Y17: Közép-Magyarország | Z17: 1983 | AA17: 4351 | AC17: 94 | AD17: 2000-4999 | AE17: 0 | AF17: ismeretlen | AG17: - 1985 | AI17: 29 | AJ17: 29 | AK17: 29 | AL17: 31 | AM17: 31 | AN17: 31 | AO17: 30 | AP17: 30 | AQ17: 30 | AR17: 31 | AS17: 31 | AT17: 31 | AU17: 31 | AV17: 31 | AW17: 31 | AX17: 31 | AY17: 31 | AZ17: 30 | BA17: 31 | BB17: 30 | BC17: 30 | BD17: 33 | BE17: 33 | BF17: 33 | BG17: 33 | BH17: 32 | BI17: 31 | BJ17: 31 | BK17: 32 | BL17: 32 | BM17: 32 | BN17: 32 | BO17: 31 | BP17: 31 | BQ17: 30 | BR17: 29 | BS17: 29 | BT17: 29 | BU17: 29 | BV17: 29 | BW17: 20 | BX17: 18 | BY17: 18 | BZ17: 20 | CA17: 29.681818 | CB17: 31 | CC17: 3.6201807 | CD17: 0.12196627 | CE17: 18 | CF17: 33 | CG17: 15 | CH17: -9 | CI17: 9
A18: 17 | B18: 12423 | C18: arukereso.hu | D18: 24868291-2-42 | E18: 24868291 6391 113 01 | F18: 63.91 | G18: Internetes keresőportállal kapcsolatos tevékenységek | H18: 63.9 | I18: Internetes keresőportállal kapcsolatos tevékenységek és egyéb információs szolgáltatás | J18: 63 | K18: Számítástechnikai infrastruktúra, adatfeldolgozás, tárhelyszolgáltatás és egyéb információs szolgáltatási tevékenységek | L18: K | M18: TÁVKÖZLÉS, SZÁMÍTÓGÉPES PROGRAMOZÁS, INFORMÁCIÓTECHNOLÓGIAI SZAKTANÁCSADÁS, SZÁMÍTÁSTECHNIKAI INFRASTRUKTÚRA ÉS EGYÉB INFORMÁCIÓS SZOLGÁLTATÁSOK | N18: 113 | O18: Korlátolt felelősségű társaság | P18: 11 | Q18: Gazdasági társaság | R18: 1 | S18: Jogi személyiségű vállalkozás | T18: 1 | U18: Budapest | V18: 11 | W18: Budapest | X18: 1 | Y18: Közép-Magyarország | Z18: 2014 | AA18: 106 | AB18: 9502310000 | AC18: 61 | AD18: 100-149 | AE18: B | AF18: 7001 - 10000 | AG18: 2011 - 2015 | AH18: középvállalkozás | AI18: 36 | AJ18: 35 | AK18: 35 | AL18: 36 | AM18: 34 | AN18: 34 | AO18: 34 | AP18: 31 | AQ18: 31 | AR18: 31 | AS18: 31 | AT18: 31 | AU18: 31 | AV18: 31 | AW18: 31 | AX18: 31 | AY18: 31 | AZ18: 31 | BA18: 28 | BB18: 26 | BC18: 26 | BD18: 26 | BE18: 27 | BF18: 27 | BG18: 27 | BH18: 28 | BI18: 27 | BJ18: 27 | BK18: 28 | BL18: 27 | BM18: 28 | BN18: 28 | BO18: 27 | BP18: 28 | BQ18: 28 | BR18: 31 | BS18: 31 | BT18: 28 | BU18: 28 | BV18: 28 | BW18: 30 | BX18: 29 | BY18: 29 | BZ18: 28 | CA18: 29.772727 | CB18: 29 | CC18: 2.8025208 | CD18: 0.094130468 | CE18: 26 | CF18: 36 | CG18: 10 | CH18: -8 | CI18: 8
A19: 18 | B19: 12797 | C19: blikk.hu | D19: 10237580-2-43 | E19: 10237580 5813 113 01 | F19: 58.13 | G19: Folyóirat, időszaki kiadvány kiadása | H19: 58.1 | I19: Könyv-, napilapkiadás, egyéb kiadói tevékenység (kivéve: szoftverkiadás) | J19: 58 | K19: Kiadói tevékenység | L19: J | M19: KIADÓI TEVÉKENYSÉG, MŰSORSZOLGÁLTATÁS, TARTALOMSZOLGÁLTATÁS ÉS -TERJESZTÉS | N19: 113 | O19: Korlátolt felelősségű társaság | P19: 11 | Q19: Gazdasági társaság | R19: 1 | S19: Jogi személyiségű vállalkozás | T19: 1 | U19: Budapest | V19: 11 | W19: Budapest | X19: 1 | Y19: Közép-Magyarország | Z19: 1989 | AA19: 283 | AB19: 12119080000 | AC19: 81 | AD19: 250-299 | AE19: C | AF19: 10001 - | AG19: 1986 - 1990 | AH19: nagyvállalat | AI19: 13 | AJ19: 13 | AK19: 30 | AL19: 15 | AM19: 11 | AN19: 21 | AO19: 34 | AP19: 26 | AQ19: 26 | AR19: 26 | AS19: 24 | AT19: 37 | AU19: 24 | AV19: 24 | AW19: 24 | AX19: 24 | AY19: 24 | AZ19: 24 | BA19: 10 | BB19: 38 | BC19: 26 | BD19: 26 | BE19: 26 | BF19: 24 | BG19: 28 | BH19: 24 | BI19: 24 | BJ19: 30 | BK19: 26 | BL19: 26 | BM19: 30 | BN19: 15 | BO19: 31 | BP19: 15 | BQ19: 23 | BR19: 32 | BS19: 35 | BT19: 36 | BU19: 35 | BV19: 36 | BW19: 34 | BX19: 27 | BY19: 29 | BZ19: 27 | CA19: 25.75 | CB19: 26 | CC19: 7.0418186 | CD19: 0.27346868 | CE19: 10 | CF19: 38 | CG19: 28 | CH19: 14 | CI19: 14
A20: 19 | B20: 12873 | C20: freemail.hu | D20: 24785725-2-44 | E20: 24785725 5812 114 01 | F20: 58.12 | G20: Napilapkiadás | H20: 58.1 | I20: Könyv-, napilapkiadás, egyéb kiadói tevékenység (kivéve: szoftverkiadás) | J20: 58 | K20: Kiadói tevékenység | L20: J | M20: KIADÓI TEVÉKENYSÉG, MŰSORSZOLGÁLTATÁS, TARTALOMSZOLGÁLTATÁS ÉS -TERJESZTÉS | N20: 114 | O20: Részvénytársaság | P20: 11 | Q20: Gazdasági társaság | R20: 1 | S20: Jogi személyiségű vállalkozás | T20: 1 | U20: Budapest | V20: 11 | W20: Budapest | X20: 1 | Y20: Közép-Magyarország | Z20: 2013 | AA20: 1974 | AB20: 57098150000 | AC20: 93 | AD20: 1000-1999 | AE20: C | AF20: 10001 - | AG20: 2011 - 2015 | AH20: nagyvállalat | AI20: 48 | AJ20: 48 | AK20: 46 | AL20: 46 | AM20: 46 | AN20: 46 | AO20: 49 | AP20: 42 | AQ20: 42 | AR20: 44 | AS20: 42 | AT20: 44 | AU20: 44 | AV20: 44 | AW20: 42 | AX20: 14 | AY20: 42 | AZ20: 44 | BA20: 44 | BB20: 44 | BC20: 44 | BD20: 44 | BE20: 42 | BF20: 42 | BG20: 46 | BH20: 42 | BI20: 45 | BJ20: 35 | BK20: 33 | BL20: 33 | BM20: 33 | BN20: 33 | BO20: 33 | BP20: 33 | BQ20: 35 | BR20: 35 | BS20: 35 | BT20: 32 | BU20: 31 | BV20: 32 | BW20: 32 | BX20: 32 | BY20: 32 | BZ20: 32 | CA20: 39.25 | CB20: 42 | CC20: 6.9887784 | CD20: 0.17805805 | CE20: 14 | CF20: 49 | CG20: 35 | CH20: -16 | CI20: 16
A21: 20 | B21: 12951 | C21: nemzetisport.hu | D21: 32048467-2-51 | E21: 32048467 5812 113 01 | F21: 58.12 | G21: Napilapkiadás | H21: 58.1 | I21: Könyv-, napilapkiadás, egyéb kiadói tevékenység (kivéve: szoftverkiadás) | J21: 58 | K21: Kiadói tevékenység | L21: J | M21: KIADÓI TEVÉKENYSÉG, MŰSORSZOLGÁLTATÁS, TARTALOMSZOLGÁLTATÁS ÉS -TERJESZTÉS | N21: 113 | O21: Korlátolt felelősségű társaság | P21: 11 | Q21: Gazdasági társaság | R21: 1 | S21: Jogi személyiségű vállalkozás | T21: 1 | U21: Budapest | V21: 11 | W21: Budapest | X21: 1 | Y21: Közép-Magyarország | Z21: 2022 | AA21: 113 | AB21: 1983290000 | AC21: 61 | AD21: 100-149 | AE21: 7 | AF21: 1001 - 2500 | AG21: 2021 - 2025 | AH21: középvállalkozás | AI21: 92 | AJ21: 92 | AK21: 93 | AL21: 96 | AM21: 98 | AN21: 103 | AO21: 93 | AP21: 100 | AQ21: 99 | AR21: 97 | AS21: 95 | AT21: 93 | AU21: 91 | AV21: 84 | AW21: 88 | AX21: 88 | AY21: 91 | AZ21: 86 | BA21: 89 | BB21: 89 | BC21: 82 | BD21: 88 | BE21: 85 | BF21: 87 | BG21: 86 | BH21: 81 | BI21: 88 | BJ21: 158 | BK21: 97 | BL21: 90 | BM21: 90 | BN21: 86 | BO21: 87 | BP21: 90 | BQ21: 86 | BR21: 89 | BS21: 86 | BT21: 89 | BU21: 88 | BV21: 88 | BW21: 84 | BX21: 87 | BY21: 85 | BZ21: 86 | CA21: 91.363636 | CB21: 89 | CC21: 11.381525 | CD21: 0.12457391 | CE21: 81 | CF21: 158 | CG21: 77 | CH21: -6 | CI21: 6
A22: 21 | B22: 13229 | C22: 444.hu | D22: 24298083-2-42 | E22: 24298083 6039 114 01 | F22: 60.39 | G22: Egyéb tartalomterjesztési tevékenység | H22: 60.3 | I22: Hírügynökségi és egyéb tartalomterjesztési tevékenység | J22: 60 | K22: Műsor-összeállítás, műsorszolgáltatás, hírügynökségi és egyéb tartalomterjesztési tevékenység | L22: J | M22: KIADÓI TEVÉKENYSÉG, MŰSORSZOLGÁLTATÁS, TARTALOMSZOLGÁLTATÁS ÉS -TERJESZTÉS | N22: 114 | O22: Részvénytársaság | P22: 11 | Q22: Gazdasági társaság | R22: 1 | S22: Jogi személyiségű vállalkozás | T22: 1 | U22: Budapest | V22: 11 | W22: Budapest | X22: 1 | Y22: Közép-Magyarország | Z22: 2013 | AA22: 84 | AB22: 1137110000 | AC22: 50 | AD22: 50-99 | AE22: 7 | AF22: 1001 - 2500 | AG22: 2011 - 2015 | AH22: középvállalkozás | AI22: 35 | AJ22: 4 | AK22: 4 | AL22: 4 | AM22: 4 | AN22: 4 | AO22: 4 | AP22: 4 | AQ22: 4 | AR22: 4 | AS22: 4 | AT22: 4 | AU22: 4 | AV22: 4 | AW22: 4 | AX22: 4 | AY22: 4 | AZ22: 4 | BA22: 4 | BB22: 4 | BC22: 4 | BD22: 4 | BE22: 4 | BF22: 4 | BG22: 4 | BH22: 4 | BI22: 4 | BJ22: 4 | BK22: 4 | BL22: 4 | BM22: 4 | BN22: 4 | BO22: 4 | BP22: 4 | BQ22: 4 | BR22: 4 | BS22: 4 | BT22: 4 | BU22: 4 | BV22: 4 | BW22: 4 | BX22: 4 | BY22: 4 | BZ22: 4 | CA22: 4.7045455 | CB22: 4 | CC22: 4.6734258 | CD22: 0.9933852 | CE22: 4 | CF22: 35 | CG22: 31 | CH22: -31 | CI22: 31
A23: 22 | B23: 13615 | C23: startlap.hu | D23: 25087910-2-41 | E23: 25087910 5813 114 01 | F23: 58.13 | G23: Folyóirat, időszaki kiadvány kiadása | H23: 58.1 | I23: Könyv-, napilapkiadás, egyéb kiadói tevékenység (kivéve: szoftverkiadás) | J23: 58 | K23: Kiadói tevékenység | L23: J | M23: KIADÓI TEVÉKENYSÉG, MŰSORSZOLGÁLTATÁS, TARTALOMSZOLGÁLTATÁS ÉS -TERJESZTÉS | N23: 114 | O23: Részvénytársaság | P23: 11 | Q23: Gazdasági társaság | R23: 1 | S23: Jogi személyiségű vállalkozás | T23: 1 | U23: Budapest | V23: 11 | W23: Budapest | X23: 1 | Y23: Közép-Magyarország | Z23: 2014 | AA23: 409 | AB23: 14254790000 | AC23: 82 | AD23: 300-499 | AE23: C | AF23: 10001 - | AG23: 2011 - 2015 | AH23: nagyvállalat | AI23: 247 | AJ23: 247 | AK23: 245 | AL23: 244 | AM23: 247 | AN23: 244 | AO23: 247 | AP23: 244 | AQ23: 245 | AR23: 249 | AS23: 247 | AT23: 247 | AU23: 244 | AV23: 248 | AW23: 243 | AX23: 246 | AY23: 244 | AZ23: 247 | BA23: 224 | BB23: 245 | BC23: 241 | BD23: 242 | BE23: 249 | BF23: 245 | BG23: 246 | BH23: 246 | BI23: 241 | BJ23: 247 | BK23: 255 | BL23: 253 | BM23: 253 | BN23: 244 | BO23: 243 | BP23: 250 | BQ23: 243 | BR23: 248 | BS23: 248 | BT23: 246 | BU23: 250 | BV23: 245 | BW23: 246 | BX23: 247 | BY23: 257 | BZ23: 255 | CA23: 246.22727 | CB23: 246 | CC23: 4.954977 | CD23: 0.020123591 | CE23: 224 | CF23: 257 | CG23: 33 | CH23: 8 | CI23: 8
A24: 23 | B24: 13876 | C24: mindmegette.hu | D24: 24785725-2-44 | E24: 24785725 5812 114 01 | F24: 58.12 | G24: Napilapkiadás | H24: 58.1 | I24: Könyv-, napilapkiadás, egyéb kiadói tevékenység (kivéve: szoftverkiadás) | J24: 58 | K24: Kiadói tevékenység | L24: J | M24: KIADÓI TEVÉKENYSÉG, MŰSORSZOLGÁLTATÁS, TARTALOMSZOLGÁLTATÁS ÉS -TERJESZTÉS | N24: 114 | O24: Részvénytársaság | P24: 11 | Q24: Gazdasági társaság | R24: 1 | S24: Jogi személyiségű vállalkozás | T24: 1 | U24: Budapest | V24: 11 | W24: Budapest | X24: 1 | Y24: Közép-Magyarország | Z24: 2013 | AA24: 1974 | AB24: 57098150000 | AC24: 93 | AD24: 1000-1999 | AE24: C | AF24: 10001 - | AG24: 2011 - 2015 | AH24: nagyvállalat | AI24: 244 | AJ24: 226 | AK24: 228 | AL24: 188 | AM24: 185 | AN24: 185 | AO24: 185 | AP24: 184 | AQ24: 185 | AR24: 163 | AS24: 163 | AT24: 160 | AU24: 161 | AV24: 160 | AW24: 162 | AX24: 161 | AY24: 161 | AZ24: 162 | BA24: 162 | BB24: 161 | BC24: 163 | BD24: 163 | BE24: 163 | BF24: 165 | BG24: 164 | BH24: 164 | BI24: 168 | BJ24: 160 | BK24: 207 | BL24: 187 | BM24: 160 | BN24: 159 | BO24: 156 | BP24: 158 | BQ24: 158 | BR24: 158 | BS24: 153 | BT24: 157 | BU24: 159 | BV24: 164 | BW24: 163 | BX24: 174 | BY24: 203 | BZ24: 206 | CA24: 173.13636 | CB24: 163 | CC24: 21.402663 | CD24: 0.12361738 | CE24: 153 | CF24: 244 | CG24: 91 | CH24: -38 | CI24: 38
A25: 24 | B25: 13880 | C25: index.hu | D25: 12765335-2-41 | E25: 12765335 5812 114 01 | F25: 58.12 | G25: Napilapkiadás | H25: 58.1 | I25: Könyv-, napilapkiadás, egyéb kiadói tevékenység (kivéve: szoftverkiadás) | J25: 58 | K25: Kiadói tevékenység | L25: J | M25: KIADÓI TEVÉKENYSÉG, MŰSORSZOLGÁLTATÁS, TARTALOMSZOLGÁLTATÁS ÉS -TERJESZTÉS | N25: 114 | O25: Részvénytársaság | P25: 11 | Q25: Gazdasági társaság | R25: 1 | S25: Jogi személyiségű vállalkozás | T25: 1 | U25: Budapest | V25: 11 | W25: Budapest | X25: 1 | Y25: Közép-Magyarország | Z25: 2001 | AA25: 77 | AB25: 1911720000 | AC25: 50 | AD25: 50-99 | AE25: 7 | AF25: 1001 - 2500 | AG25: 2001 - 2005 | AH25: középvállalkozás | AI25: 210 | AJ25: 216 | AK25: 212 | AL25: 207 | AM25: 211 | AN25: 218 | AO25: 209 | AP25: 199 | AQ25: 195 | AR25: 207 | AS25: 204 | AT25: 208 | AU25: 201 | AV25: 198 | AW25: 206 | AX25: 204 | AY25: 201 | AZ25: 209 | BA25: 193 | BB25: 206 | BC25: 228 | BD25: 214 | BE25: 210 | BF25: 214 | BG25: 207 | BH25: 205 | BI25: 204 | BJ25: 205 | BK25: 211 | BL25: 221 | BM25: 210 | BN25: 213 | BO25: 227 | BP25: 227 | BQ25: 222 | BR25: 228 | BS25: 224 | BT25: 234 | BU25: 224 | BV25: 222 | BW25: 217 | BX25: 227 | BY25: 225 | BZ25: 230 | CA25: 212.79545 | CB25: 210.5 | CC25: 10.267536 | CD25: 0.048250732 | CE25: 193 | CF25: 234 | CG25: 41 | CH25: 20 | CI25: 20
A26: 25 | B26: 13955 | C26: penzcentrum.hu | D26: 12527052-2-41 | E26: 12527052 6039 114 01 | F26: 60.39 | G26: Egyéb tartalomterjesztési tevékenység | H26: 60.3 | I26: Hírügynökségi és egyéb tartalomterjesztési tevékenység | J26: 60 | K26: Műsor-összeállítás, műsorszolgáltatás, hírügynökségi és egyéb tartalomterjesztési tevékenység | L26: J | M26: KIADÓI TEVÉKENYSÉG, MŰSORSZOLGÁLTATÁS, TARTALOMSZOLGÁLTATÁS ÉS -TERJESZTÉS | N26: 114 | O26: Részvénytársaság | P26: 11 | Q26: Gazdasági társaság | R26: 1 | S26: Jogi személyiségű vállalkozás | T26: 1 | U26: Budapest | V26: 11 | W26: Budapest | X26: 1 | Y26: Közép-Magyarország | Z26: 2000 | AA26: 89 | AB26: 4394160000 | AC26: 50 | AD26: 50-99 | AE26: A | AF26: 4001 - 7000 | AG26: 1996 - 2000 | AH26: középvállalkozás | AI26: 152 | AJ26: 148 | AK26: 149 | AL26: 148 | AM26: 145 | AN26: 150 | AO26: 150 | AP26: 146 | AQ26: 147 | AR26: 149 | AS26: 152 | AT26: 153 | AU26: 192 | AV26: 193 | AW26: 188 | AX26: 189 | AY26: 190 | AZ26: 199 | BA26: 183 | BB26: 184 | BC26: 247 | BD26: 276 | BE26: 245 | BF26: 279 | BG26: 212 | BH26: 250 | BI26: 283 | BJ26: 255 | BK26: 282 | BL26: 250 | BM26: 212 | BN26: 233 | BO26: 228 | BP26: 237 | BQ26: 273 | BR26: 270 | BS26: 245 | BT26: 248 | BU26: 274 | BV26: 280 | BW26: 249 | BX26: 273 | BY26: 273 | BZ26: 206 | CA26: 213.34091 | CB26: 212 | CC26: 49.48993 | CD26: 0.23197581 | CE26: 145 | CF26: 283 | CG26: 138 | CH26: 54 | CI26: 54
A27: 26 | B27: 14075 | C27: port.hu | D27: 27936748-2-41 | E27: 27936748 6391 113 01 | F27: 63.91 | G27: Internetes keresőportállal kapcsolatos tevékenységek | H27: 63.9 | I27: Internetes keresőportállal kapcsolatos tevékenységek és egyéb információs szolgáltatás | J27: 63 | K27: Számítástechnikai infrastruktúra, adatfeldolgozás, tárhelyszolgáltatás és egyéb információs szolgáltatási tevékenységek | L27: K | M27: TÁVKÖZLÉS, SZÁMÍTÓGÉPES PROGRAMOZÁS, INFORMÁCIÓTECHNOLÓGIAI SZAKTANÁCSADÁS, SZÁMÍTÁSTECHNIKAI INFRASTRUKTÚRA ÉS EGYÉB INFORMÁCIÓS SZOLGÁLTATÁSOK | N27: 113 | O27: Korlátolt felelősségű társaság | P27: 11 | Q27: Gazdasági társaság | R27: 1 | S27: Jogi személyiségű vállalkozás | T27: 1 | U27: Budapest | V27: 11 | W27: Budapest | X27: 1 | Y27: Közép-Magyarország | Z27: 2020 | AA27: 65 | AB27: 196970000 | AC27: 50 | AD27: 50-99 | AE27: 3 | AF27: 51 - 300 | AG27: 2016 - 2020 | AH27: középvállalkozás | AI27: 413 | AJ27: 436 | AK27: 432 | AL27: 425 | AM27: 458 | AN27: 399 | AO27: 405 | AP27: 400 | AQ27: 417 | AR27: 401 | AS27: 434 | AT27: 459 | AU27: 409 | AV27: 409 | AW27: 495 | AX27: 442 | AY27: 440 | AZ27: 467 | BA27: 302 | BB27: 436 | BC27: 463 | BD27: 433 | BE27: 455 | BF27: 447 | BG27: 452 | BH27: 458 | BI27: 423 | BJ27: 423 | BK27: 431 | BL27: 394 | BM27: 434 | BN27: 395 | BO27: 429 | BP27: 421 | BQ27: 431 | BR27: 426 | BS27: 462 | BT27: 435 | BU27: 442 | BV27: 430 | BW27: 438 | BX27: 440 | BY27: 449 | BZ27: 442 | CA27: 430.27273 | CB27: 433.5 | CC27: 29.136698 | CD27: 0.067716812 | CE27: 302 | CF27: 495 | CG27: 193 | CH27: 29 | CI27: 29
A28: 27 | B28: 14476 | C28: promotions.hu | D28: 23749122-2-15 | E28: 23749122 7311 113 15 | F28: 73.11 | G28: Reklámügynöki tevékenység | H28: 73.1 | I28: Reklám | J28: 73 | K28: Reklám, piackutatás, PR-tevékenység | L28: N | M28: SZAKMAI, TUDOMÁNYOS, MŰSZAKI TEVÉKENYSÉG | N28: 113 | O28: Korlátolt felelősségű társaság | P28: 11 | Q28: Gazdasági társaság | R28: 1 | S28: Jogi személyiségű vállalkozás | T28: 15 | U28: Szabolcs-Szatmár-Bereg | V28: 60 | W28: Észak-Alföld | X28: 3 | Y28: Alföld és Észak | Z28: 2011 | AA28: 2 | AB28: 131750000 | AC28: 12 | AD28: 2 | AE28: 3 | AF28: 51 - 300 | AG28: 2011 - 2015 | AH28: mikrovállalkozás | AI28: 55 | AJ28: 50 | AK28: 53 | AL28: 57 | AM28: 49 | AN28: 51 | AO28: 54 | AP28: 57 | AQ28: 55 | AR28: 63 | AS28: 59 | AT28: 61 | AU28: 67 | AV28: 64 | AW28: 59 | AX28: 58 | AY28: 62 | AZ28: 65 | BA28: 58 | BB28: 60 | BC28: 64 | BD28: 68 | BE28: 63 | BF28: 71 | BG28: 68 | BH28: 81 | BI28: 59 | BJ28: 70 | BK28: 67 | BL28: 72 | BM28: 61 | BN28: 55 | BO28: 61 | BP28: 83 | BQ28: 82 | BR28: 66 | BS28: 77 | BT28: 68 | BU28: 68 | BV28: 74 | BW28: 72 | BX28: 72 | BY28: 81 | BZ28: 73 | CA28: 64.386364 | CB28: 63.5 | CC28: 8.7848069 | CD28: 0.13643894 | CE28: 49 | CF28: 83 | CG28: 34 | CH28: 18 | CI28: 18
A29: 28 | B29: 14563 | C29: szamlazz.hu | D29: 13421739-2-41 | E29: 13421739 6210 113 01 | F29: 62.1 | G29: Számítógépes programozás | H29: 62.1 | I29: Számítógépes programozás | J29: 62 | K29: Információtechnológiai szolgáltatás | L29: K | M29: TÁVKÖZLÉS, SZÁMÍTÓGÉPES PROGRAMOZÁS, INFORMÁCIÓTECHNOLÓGIAI SZAKTANÁCSADÁS, SZÁMÍTÁSTECHNIKAI INFRASTRUKTÚRA ÉS EGYÉB INFORMÁCIÓS SZOLGÁLTATÁSOK | N29: 113 | O29: Korlátolt felelősségű társaság | P29: 11 | Q29: Gazdasági társaság | R29: 1 | S29: Jogi személyiségű vállalkozás | T29: 1 | U29: Budapest | V29: 11 | W29: Budapest | X29: 1 | Y29: Közép-Magyarország | Z29: 2004 | AA29: 69 | AB29: 5227240000 | AC29: 50 | AD29: 50-99 | AE29: A | AF29: 4001 - 7000 | AG29: 2001 - 2005 | AH29: középvállalkozás | AI29: 106 | AJ29: 106 | AK29: 106 | AL29: 106 | AM29: 106 | AN29: 106 | AO29: 106 | AP29: 106 | AQ29: 106 | AR29: 106 | AS29: 106 | AT29: 106 | AU29: 106 | AV29: 106 | AW29: 106 | AX29: 106 | AY29: 106 | AZ29: 106 | BA29: 106 | BB29: 64 | BC29: 64 | BD29: 64 | BE29: 64 | BF29: 64 | BG29: 64 | BH29: 64 | BI29: 64 | BJ29: 64 | BK29: 64 | BL29: 64 | BM29: 64 | BN29: 64 | BO29: 64 | BP29: 64 | BQ29: 64 | BR29: 64 | BS29: 64 | BT29: 64 | BU29: 64 | BV29: 64 | BW29: 64 | BX29: 64 | BY29: 64 | BZ29: 64 | CA29: 82.136364 | CB29: 64 | CC29: 21.044351 | CD29: 0.25621235 | CE29: 64 | CF29: 106 | CG29: 42 | CH29: -42 | CI29: 42
... A34: 33 | B34: 15618 | C34: femina.hu | D34: 27936748-2-41 | E34: 27936748 6391 113 01 | F34: 63.91 | G34: Internetes keresőportállal kapcsolatos tevékenységek | H34: 63.9 | I34: Internetes keresőportállal kapcsolatos tevékenységek és egyéb információs szolgáltatás | J34: 63 | K34: Számítástechnikai infrastruktúra, adatfeldolgozás, tárhelyszolgáltatás és egyéb információs szolgáltatási tevékenységek | L34: K | M34: TÁVKÖZLÉS, SZÁMÍTÓGÉPES PROGRAMOZÁS, INFORMÁCIÓTECHNOLÓGIAI SZAKTANÁCSADÁS, SZÁMÍTÁSTECHNIKAI INFRASTRUKTÚRA ÉS EGYÉB INFORMÁCIÓS SZOLGÁLTATÁSOK | N34: 113 | O34: Korlátolt felelősségű társaság | P34: 11 | Q34: Gazdasági társaság | R34: 1 | S34: Jogi személyiségű vállalkozás | T34: 1 | U34: Budapest | V34: 11 | W34: Budapest | X34: 1 | Y34: Közép-Magyarország | Z34: 2020 | AA34: 65 | AB34: 196970000 | AC34: 50 | AD34: 50-99 | AE34: 3 | AF34: 51 - 300 | AG34: 2016 - 2020 | AH34: középvállalkozás | AI34: 75 | AJ34: 77 | AK34: 79 | AL34: 75 | AM34: 79 | AN34: 77 | AO34: 82 | AP34: 77 | AQ34: 80 | AR34: 77 | AS34: 77 | AT34: 76 | AU34: 79 | AV34: 74 | AW34: 78 | AX34: 80 | AY34: 75 | AZ34: 76 | BA34: 74 | BB34: 75 | BC34: 77 | BD34: 74 | BE34: 73 | BF34: 73 | BG34: 75 | BH34: 83 | BI34: 75 | BJ34: 75 | BK34: 79 | BL34: 78 | BM34: 74 | BN34: 76 | BO34: 77 | BP34: 72 | BQ34: 73 | BR34: 72 | BS34: 66 | BT34: 73 | BU34: 67 | BV34: 74 | BW34: 77 | BX34: 75 | BY34: 69 | BZ34: 75 | CA34: 75.545455 | CB34: 75 | CC34: 3.365036 | CD34: 0.044543196 | CE34: 66 | CF34: 83 | CG34: 17 | CH34: 0 | CI34: 0
A35: 34 | B35: 16336 | C35: bme.hu | D35: 19410768-4-43 | E35: 19410768 8540 599 01 | F35: 85.4 | G35: Felsőoktatás | H35: 85.4 | I35: Felsőoktatás | J35: 85 | K35: Oktatás | L35: Q | M35: OKTATÁS | N35: 599 | O35: Egyéb, jogi személyiségű nonprofit szervezet | P35: 59 | Q35: Egyéb, jogi személyiségű nonprofit szervezet | R35: 5 | S35: Jogi személyiségű nonprofit szervezet | T35: 1 | U35: Budapest | V35: 11 | W35: Budapest | X35: 1 | Y35: Közép-Magyarország | Z35: 2025 | AC35: 0 | AD35: ismeretlen | AE35: 0 | AF35: ismeretlen | AG35: 2021 - 2025 | AI35: 137 | AJ35: 137 | AK35: 137 | AL35: 137 | AM35: 137 | AN35: 137 | AO35: 137 | AP35: 137 | AQ35: 137 | AR35: 137 | AS35: 137 | AT35: 137 | AU35: 137 | AV35: 137 | AW35: 137 | AX35: 137 | AY35: 138 | AZ35: 138 | BA35: 137 | BB35: 137 | BC35: 137 | BD35: 137 | BE35: 137 | BF35: 138 | BG35: 138 | BH35: 138 | BI35: 138 | BJ35: 138 | BK35: 138 | BL35: 138 | BM35: 138 | BN35: 138 | BO35: 138 | BP35: 138 | BQ35: 138 | BR35: 138 | BS35: 138 | BT35: 138 | BU35: 138 | BV35: 138 | BW35: 138 | BX35: 138 | BY35: 138 | BZ35: 138 | CA35: 137.52273 | CB35: 138 | CC35: 0.50525777 | CD35: 0.0036739947 | CE35: 137 | CF35: 138 | CG35: 1 | CH35: 1 | CI35: 1
A36: 35 | B36: 18836 | C36: u-szeged.hu | D36: 19308650-2-06 | E36: 19308650 8540 563 06 | F36: 85.4 | G36: Felsőoktatás | H36: 85.4 | I36: Felsőoktatás | J36: 85 | K36: Oktatás | L36: Q | M36: OKTATÁS | N36: 563 | O36: Egyéb alapítvány önálló intézménye | P36: 56 | Q36: Alapítvány, jogi személyiségű intézménye és szervezeti egysége | R36: 5 | S36: Jogi személyiségű nonprofit szervezet | T36: 6 | U36: Csongrád-Csanád | V36: 70 | W36: Dél-Alföld | X36: 3 | Y36: Alföld és Észak | Z36: 2021 | AA36: 11589 | AC36: 95 | AD36: 5000- | AE36: 0 | AF36: ismeretlen | AG36: 2021 - 2025 | AI36: 6 | AJ36: 37 | AK36: 13 | AL36: 36 | AM36: 41 | AN36: 36 | AO36: 37 | AP36: 41 | AQ36: 14 | AR36: 42 | AS36: 42 | AT36: 41 | AU36: 14 | AV36: 14 | AW36: 13 | AX36: 13 | AY36: 12 | AZ36: 13 | BA36: 12 | BB36: 29 | BC36: 12 | BD36: 28 | BE36: 12 | BF36: 14 | BG36: 12 | BH36: 13 | BI36: 12 | BJ36: 41 | BK36: 13 | BL36: 41 | BM36: 41 | BN36: 41 | BO36: 12 | BP36: 41 | BQ36: 42 | BR36: 42 | BS36: 15 | BT36: 14 | BU36: 43 | BV36: 41 | BW36: 13 | BX36: 41 | BY36: 41 | BZ36: 41 | CA36: 26.636364 | CB36: 28.5 | CC36: 13.848165 | CD36: 0.51989697 | CE36: 6 | CF36: 43 | CG36: 37 | CH36: 35 | CI36: 35
A37: 36 | B37: 21897 | C37: starity.hu | D37: 23062595-2-18 | E37: 23062595 6310 113 18 | F37: 63.1 | G37: Számítástechnikai infrastruktúra, adatfeldolgozás, tárhelyszolgáltatás és kapcsolódó szolgáltatások | H37: 63.1 | I37: Számítástechnikai infrastruktúra, adatfeldolgozás, tárhelyszolgáltatás és kapcsolódó szolgáltatások | J37: 63 | K37: Számítástechnikai infrastruktúra, adatfeldolgozás, tárhelyszolgáltatás és egyéb információs szolgáltatási tevékenységek | L37: K | M37: TÁVKÖZLÉS, SZÁMÍTÓGÉPES PROGRAMOZÁS, INFORMÁCIÓTECHNOLÓGIAI SZAKTANÁCSADÁS, SZÁMÍTÁSTECHNIKAI INFRASTRUKTÚRA ÉS EGYÉB INFORMÁCIÓS SZOLGÁLTATÁSOK | N37: 113 | O37: Korlátolt felelősségű társaság | P37: 11 | Q37: Gazdasági társaság | R37: 1 | S37: Jogi személyiségű vállalkozás | T37: 18 | U37: Vas | V37: 30 | W37: Nyugat-Dunántúl | X37: 2 | Y37: Dunántúl | Z37: 2010 | AA37: 1 | AB37: 22260000 | AC37: 11 | AD37: 1 | AE37: 2 | AF37: 21 - 50 | AG37: 2006 - 2010 | AH37: mikrovállalkozás | AI37: 48 | AJ37: 52 | AK37: 49 | AL37: 48 | AM37: 47 | AN37: 46 | AO37: 49 | AP37: 49 | AQ37: 46 | AR37: 47 | AS37: 46 | AT37: 46 | AU37: 46 | AV37: 45 | AW37: 47 | AX37: 49 | AY37: 45 | AZ37: 46 | BA37: 45 | BB37: 48 | BC37: 48 | BD37: 47 | BE37: 48 | BF37: 48 | BG37: 47 | BH37: 47 | BI37: 46 | BJ37: 47 | BK37: 47 | BL37: 47 | BM37: 47 | BN37: 46 | BO37: 47 | BP37: 46 | BQ37: 47 | BR37: 45 | BS37: 45 | BT37: 46 | BU37: 47 | BV37: 46 | BW37: 47 | BX37: 47 | BY37: 47 | BZ37: 39 | CA37: 46.772727 | CB37: 47 | CC37: 1.802629 | CD37: 0.038540174 | CE37: 39 | CF37: 52 | CG37: 13 | CH37: -9 | CI37: 9
A38: 39 | B38: 25279 | C38: vatera.hu | D38: 32330681-2-41 | E38: 32330681 4779 113 01 | F38: 47.79 | G38: Használt cikk kiskereskedelme | H38: 47.7 | I38: Egyéb áruk kiskereskedelme (kivéve: gépjármű, motorkerékpár) | J38: 47 | K38: Kiskereskedelem | L38: G | M38: KERESKEDELEM | N38: 113 | O38: Korlátolt felelősségű társaság | P38: 11 | Q38: Gazdasági társaság | R38: 1 | S38: Jogi személyiségű vállalkozás | T38: 1 | U38: Budapest | V38: 11 | W38: Budapest | X38: 1 | Y38: Közép-Magyarország | Z38: 2023 | AA38: 21 | AB38: 578750000 | AC38: 40 | AD38: 20-49 | AE38: 5 | AF38: 501 - 700 | AG38: 2021 - 2025 | AH38: kisvállalkozás | AI38: 82 | AJ38: 82 | AK38: 82 | AL38: 85 | AM38: 85 | AN38: 84 | AO38: 84 | AP38: 92 | AQ38: 88 | AR38: 91 | AS38: 92 | AT38: 90 | AU38: 90 | AV38: 89 | AW38: 89 | AX38: 89 | AY38: 93 | AZ38: 89 | BA38: 88 | BB38: 89 | BC38: 88 | BD38: 88 | BE38: 87 | BF38: 87 | BG38: 94 | BH38: 91 | BI38: 95 | BJ38: 89 | BK38: 93 | BL38: 94 | BM38: 83 | BN38: 84 | BO38: 63 | BP38: 83 | BQ38: 83 | BR38: 83 | BS38: 80 | BT38: 74 | BU38: 69 | BV38: 69 | BW38: 67 | BX38: 70 | BY38: 69 | BZ38: 65 | CA38: 84.113636 | CB38: 87 | CC38: 8.5023004 | CD38: 0.10108112 | CE38: 63 | CF38: 95 | CG38: 32 | CH38: -17 | CI38: 17
A39: 40 | B39: 25729 | C39: profession.hu | D39: 25087879-2-44 | E39: 25087879 7312 113 01 | F39: 73.12 | G39: Médiareklám | H39: 73.1 | I39: Reklám | J39: 73 | K39: Reklám, piackutatás, PR-tevékenység | L39: N | M39: SZAKMAI, TUDOMÁNYOS, MŰSZAKI TEVÉKENYSÉG | N39: 113 | O39: Korlátolt felelősségű társaság | P39: 11 | Q39: Gazdasági társaság | R39: 1 | S39: Jogi személyiségű vállalkozás | T39: 1 | U39: Budapest | V39: 11 | W39: Budapest | X39: 1 | Y39: Közép-Magyarország | Z39: 2014 | AA39: 224 | AB39: 15895330000 | AC39: 70 | AD39: 200-249 | AE39: C | AF39: 10001 - | AG39: 2011 - 2015 | AH39: középvállalkozás | AI39: 33 | AJ39: 33 | AK39: 33 | AL39: 33 | AM39: 33 | AN39: 32 | AO39: 33 | AP39: 32 | AQ39: 33 | AR39: 32 | AS39: 32 | AT39: 32 | AU39: 32 | AV39: 31 | AW39: 32 | AX39: 32 | AY39: 33 | AZ39: 33 | BA39: 32 | BB39: 33 | BC39: 32 | BD39: 32 | BE39: 32 | BF39: 32 | BG39: 13 | BH39: 32 | BI39: 32 | BJ39: 32 | BK39: 32 | BL39: 32 | BM39: 32 | BN39: 32 | BO39: 32 | BP39: 32 | BQ39: 32 | BR39: 32 | BS39: 32 | BT39: 32 | BU39: 32 | BV39: 32 | BW39: 31 | BX39: 31 | BY39: 31 | BZ39: 31 | CA39: 31.681818 | CB39: 32 | CC39: 2.9394884 | CD39: 0.092781556 | CE39: 13 | CF39: 33 | CG39: 20 | CH39: -2 | CI39: 2
A40: 41 | B40: 26017 | C40: magyarhirlap.hu | D40: 13389909-2-42 | E40: 13389909 5812 113 01 | F40: 58.12 | G40: Napilapkiadás | H40: 58.1 | I40: Könyv-, napilapkiadás, egyéb kiadói tevékenység (kivéve: szoftverkiadás) | J40: 58 | K40: Kiadói tevékenység | L40: J | M40: KIADÓI TEVÉKENYSÉG, MŰSORSZOLGÁLTATÁS, TARTALOMSZOLGÁLTATÁS ÉS -TERJESZTÉS | N40: 113 | O40: Korlátolt felelősségű társaság | P40: 11 | Q40: Gazdasági társaság | R40: 1 | S40: Jogi személyiségű vállalkozás | T40: 1 | U40: Budapest | V40: 11 | W40: Budapest | X40: 1 | Y40: Közép-Magyarország | Z40: 2004 | AA40: 20 | AB40: 402450000 | AC40: 40 | AD40: 20-49 | AE40: 4 | AF40: 301 - 500 | AG40: 2001 - 2005 | AH40: kisvállalkozás | AI40: 68 | AJ40: 68 | AK40: 67 | AL40: 67 | AM40: 67 | AN40: 69 | AO40: 67 | AP40: 67 | AQ40: 67 | AR40: 67 | AS40: 67 | AT40: 67 | AU40: 67 | AV40: 67 | AW40: 67 | AX40: 66 | AY40: 66 | AZ40: 67 | BA40: 67 | BB40: 67 | BC40: 67 | BD40: 66 | BE40: 67 | BF40: 66 | BG40: 66 | BH40: 68 | BI40: 67 | BJ40: 65 | BK40: 64 | BL40: 65 | BM40: 65 | BN40: 66 | BO40: 66 | BP40: 70 | BQ40: 73 | BR40: 72 | BS40: 69 | BT40: 66 | BU40: 68 | BV40: 68 | BW40: 69 | BX40: 68 | BY40: 67 | BZ40: 67 | CA40: 67.204545 | CB40: 67 | CC40: 1.6364958 | CD40: 0.024350968 | CE40: 64 | CF40: 73 | CG40: 9 | CH40: -1 | CI40: 1
A41: 42 | B41: 26453 | C41: magyarnemzet.hu | D41: 24785725-2-44 | E41: 24785725 5812 114 01 | F41: 58.12 | G41: Napilapkiadás | H41: 58.1 | I41: Könyv-, napilapkiadás, egyéb kiadói tevékenység (kivéve: szoftverkiadás) | J41: 58 | K41: Kiadói tevékenység | L41: J | M41: KIADÓI TEVÉKENYSÉG, MŰSORSZOLGÁLTATÁS, TARTALOMSZOLGÁLTATÁS ÉS -TERJESZTÉS | N41: 114 | O41: Részvénytársaság | P41: 11 | Q41: Gazdasági társaság | R41: 1 | S41: Jogi személyiségű vállalkozás | T41: 1 | U41: Budapest | V41: 11 | W41: Budapest | X41: 1 | Y41: Közép-Magyarország | Z41: 2013 | AA41: 1974 | AB41: 57098150000 | AC41: 93 | AD41: 1000-1999 | AE41: C | AF41: 10001 - | AG41: 2011 - 2015 | AH41: nagyvállalat | AI41: 17 | AJ41: 14 | AK41: 17 | AL41: 17 | AM41: 16 | AN41: 18 | AO41: 17 | AP41: 18 | AQ41: 16 | AR41: 15 | AS41: 17 | AT41: 16 | AU41: 18 | AV41: 19 | AW41: 15 | AX41: 17 | AY41: 27 | AZ41: 15 | BA41: 19 | BB41: 25 | BC41: 26 | BD41: 25 | BE41: 23 | BF41: 28 | BG41: 23 | BH41: 30 | BI41: 22 | BJ41: 29 | BK41: 26 | BL41: 27 | BM41: 21 | BN41: 24 | BO41: 18 | BP41: 26 | BQ41: 24 | BR41: 26 | BS41: 18 | BT41: 18 | BU41: 24 | BV41: 24 | BW41: 25 | BX41: 251 | BY41: 163 | BZ41: 170 | CA41: 32.818182 | CB41: 21.5 | CC41: 45.741576 | CD41: 1.3937876 | CE41: 14 | CF41: 251 | CG41: 237 | CH41: 153 | CI41: 153
A42: 43 | B42: 27782 | C42: metropol.hu | D42: 24785725-2-44 | E42: 24785725 5812 114 01 | F42: 58.12 | G42: Napilapkiadás | H42: 58.1 | I42: Könyv-, napilapkiadás, egyéb kiadói tevékenység (kivéve: szoftverkiadás) | J42: 58 | K42: Kiadói tevékenység | L42: J | M42: KIADÓI TEVÉKENYSÉG, MŰSORSZOLGÁLTATÁS, TARTALOMSZOLGÁLTATÁS ÉS -TERJESZTÉS | N42: 114 | O42: Részvénytársaság | P42: 11 | Q42: Gazdasági társaság | R42: 1 | S42: Jogi személyiségű vállalkozás | T42: 1 | U42: Budapest | V42: 11 | W42: Budapest | X42: 1 | Y42: Közép-Magyarország | Z42: 2013 | AA42: 1974 | AB42: 57098150000 | AC42: 93 | AD42: 1000-1999 | AE42: C | AF42: 10001 - | AG42: 2011 - 2015 | AH42: nagyvállalat | AI42: 65 | AJ42: 66 | AK42: 62 | AL42: 62 | AM42: 63 | AN42: 63 | AO42: 63 | AP42: 63 | AQ42: 63 | AR42: 60 | AS42: 60 | AT42: 56 | AU42: 56 | AV42: 56 | AW42: 56 | AX42: 56 | AY42: 56 | AZ42: 56 | BA42: 56 | BB42: 56 | BC42: 56 | BD42: 55 | BE42: 56 | BF42: 57 | BG42: 57 | BH42: 63 | BI42: 59 | BJ42: 62 | BK42: 62 | BL42: 60 | BM42: 60 | BN42: 60 | BO42: 60 | BP42: 60 | BQ42: 60 | BR42: 62 | BS42: 62 | BT42: 62 | BU42: 47 | BV42: 47 | BW42: 46 | BX42: 51 | BY42: 51 | BZ42: 52 | CA42: 58.204545 | CB42: 60 | CC42: 4.7767827 | CD42: 0.082068895 | CE42: 46 | CF42: 66 | CG42: 20 | CH42: -13 | CI42: 13
A43: 44 | B43: 27818 | C43: kormany.hu | D43: 10585560-2-44 | E43: 10585560 6290 114 01 | F43: 62.9 | G43: Egyéb információtechnológiai szolgáltatás | H43: 62.9 | I43: Egyéb információtechnológiai szolgáltatás | J43: 62 | K43: Információtechnológiai szolgáltatás | L43: K | M43: TÁVKÖZLÉS, SZÁMÍTÓGÉPES PROGRAMOZÁS, INFORMÁCIÓTECHNOLÓGIAI SZAKTANÁCSADÁS, SZÁMÍTÁSTECHNIKAI INFRASTRUKTÚRA ÉS EGYÉB INFORMÁCIÓS SZOLGÁLTATÁSOK | N43: 114 | O43: Részvénytársaság | P43: 11 | Q43: Gazdasági társaság | R43: 1 | S43: Jogi személyiségű vállalkozás | T43: 1 | U43: Budapest | V43: 11 | W43: Budapest | X43: 1 | Y43: Közép-Magyarország | Z43: 1991 | AA43: 1162 | AB43: 96765620000 | AC43: 93 | AD43: 1000-1999 | AE43: C | AF43: 10001 - | AG43: 1991 - 1995 | AH43: nagyvállalat | AI43: 18 | AJ43: 18 | AK43: 13 | AL43: 14 | AM43: 14 | AN43: 19 | AO43: 19 | AP43: 19 | AQ43: 19 | AR43: 18 | AS43: 18 | AT43: 18 | AU43: 18 | AV43: 18 | AW43: 18 | AX43: 18 | AY43: 18 | AZ43: 18 | BA43: 18 | BB43: 18 | BC43: 18 | BD43: 18 | BE43: 18 | BF43: 0 | BG43: 0 | BH43: 0 | BI43: 0 | BJ43: 0 | BK43: 0 | BL43: 0 | BM43: 0 | BN43: 0 | BO43: 0 | BP43: 0 | BQ43: 0 | BR43: 0 | BS43: 0 | BT43: 0 | BU43: 0 | BV43: 0 | BW43: 0 | BX43: 0 | BY43: 0 | BZ43: 0 | CA43: 9.2045455 | CB43: 13.5 | CC43: 8.9717374 | CD43: 0.97470727 | CE43: 0 | CF43: 19 | CG43: 19 | CH43: -18 | CI43: 18
A44: 45 | B44: 27983 | C44: menetrendek.hu | D44: 14129887-2-42 | E44: 14129887 6220 113 01 | F44: 62.2 | G44: Információtechnológiai szaktanácsadás és számítástechnikai eszközök, rendszerek üzemeltetése | H44: 62.2 | I44: Információtechnológiai szaktanácsadás és számítástechnikai eszközök, rendszerek üzemeltetése | J44: 62 | K44: Információtechnológiai szolgáltatás | L44: K | M44: TÁVKÖZLÉS, SZÁMÍTÓGÉPES PROGRAMOZÁS, INFORMÁCIÓTECHNOLÓGIAI SZAKTANÁCSADÁS, SZÁMÍTÁSTECHNIKAI INFRASTRUKTÚRA ÉS EGYÉB INFORMÁCIÓS SZOLGÁLTATÁSOK | N44: 113 | O44: Korlátolt felelősségű társaság | P44: 11 | Q44: Gazdasági társaság | R44: 1 | S44: Jogi személyiségű vállalkozás | T44: 1 | U44: Budapest | V44: 11 | W44: Budapest | X44: 1 | Y44: Közép-Magyarország | Z44: 2007 | AA44: 9 | AB44: 198010000 | AC44: 22 | AD44: 5-9 | AE44: 3 | AF44: 51 - 300 | AG44: 2006 - 2010 | AH44: mikrovállalkozás | AI44: 160 | AJ44: 160 | AK44: 160 | AL44: 160 | AM44: 160 | AN44: 160 | AO44: 159 | AP44: 159 | AQ44: 159 | AR44: 159 | AS44: 160 | AT44: 165 | AU44: 158 | AV44: 165 | AW44: 165 | AX44: 164 | AY44: 165 | AZ44: 165 | BA44: 164 | BB44: 164 | BC44: 164 | BD44: 164 | BE44: 164 | BF44: 164 | BG44: 165 | BH44: 164 | BI44: 164 | BJ44: 164 | BK44: 164 | BL44: 164 | BM44: 164 | BN44: 164 | BO44: 164 | BP44: 164 | BQ44: 164 | BR44: 165 | BS44: 156 | BT44: 164 | BU44: 155 | BV44: 155 | BW44: 155 | BX44: 165 | BY44: 156 | BZ44: 165 | CA44: 162 | CB44: 164 | CC44: 3.2421641 | CD44: 0.020013359 | CE44: 155 | CF44: 165 | CG44: 10 | CH44: 5 | CI44: 5
A45: 46 | B45: 30892 | C45: hirado.hu | D45: 10324224-4-41 | E45: 10324224 6020 573 01 | F45: 60.2 | G45: Televízióműsor összeállítása, szolgáltatása, videótartalom-terjesztés | H45: 60.2 | I45: Televízióműsor összeállítása, szolgáltatása, videótartalom-terjesztés | J45: 60 | K45: Műsor-összeállítás, műsorszolgáltatás, hírügynökségi és egyéb tartalomterjesztési tevékenység | L45: J | M45: KIADÓI TEVÉKENYSÉG, MŰSORSZOLGÁLTATÁS, TARTALOMSZOLGÁLTATÁS ÉS -TERJESZTÉS | N45: 573 | O45: Nonprofit részvénytársaság | P45: 57 | Q45: Nonprofit gazdasági társaság | R45: 5 | S45: Jogi személyiségű nonprofit szervezet | T45: 1 | U45: Budapest | V45: 11 | W45: Budapest | X45: 1 | Y45: Közép-Magyarország | Z45: 1989 | AB45: 78390000 | AC45: 0 | AD45: ismeretlen | AE45: 3 | AF45: 51 - 300 | AG45: 1986 - 1990 | AI45: 114 | AJ45: 114 | AK45: 115 | AL45: 120 | AM45: 113 | AN45: 117 | AO45: 113 | AP45: 117 | AQ45: 114 | AR45: 113 | AS45: 113 | AT45: 113 | AU45: 121 | AV45: 113 | AW45: 113 | AX45: 119 | AY45: 120 | AZ45: 120 | BA45: 117 | BB45: 120 | BC45: 122 | BD45: 119 | BE45: 122 | BF45: 114 | BG45: 120 | BH45: 117 | BI45: 117 | BJ45: 118 | BK45: 113 | BL45: 113 | BM45: 111 | BN45: 115 | BO45: 108 | BP45: 107 | BQ45: 114 | BR45: 114 | BS45: 115 | BT45: 116 | BU45: 115 | BV45: 117 | BW45: 118 | BX45: 117 | BY45: 86 | BZ45: 118 | CA45: 115.11364 | CB45: 115 | CC45: 5.6206261 | CD45: 0.048826762 | CE45: 86 | CF45: 122 | CG45: 36 | CH45: 4 | CI45: 4
A46: 47 | B46: 31826 | C46: mediaklikk.hu | D46: 10324224-4-41 | E46: 10324224 6020 573 01 | F46: 60.2 | G46: Televízióműsor összeállítása, szolgáltatása, videótartalom-terjesztés | H46: 60.2 | I46: Televízióműsor összeállítása, szolgáltatása, videótartalom-terjesztés | J46: 60 | K46: Műsor-összeállítás, műsorszolgáltatás, hírügynökségi és egyéb tartalomterjesztési tevékenység | L46: J | M46: KIADÓI TEVÉKENYSÉG, MŰSORSZOLGÁLTATÁS, TARTALOMSZOLGÁLTATÁS ÉS -TERJESZTÉS | N46: 573 | O46: Nonprofit részvénytársaság | P46: 57 | Q46: Nonprofit gazdasági társaság | R46: 5 | S46: Jogi személyiségű nonprofit szervezet | T46: 1 | U46: Budapest | V46: 11 | W46: Budapest | X46: 1 | Y46: Közép-Magyarország | Z46: 1989 | AB46: 78390000 | AC46: 0 | AD46: ismeretlen | AE46: 3 | AF46: 51 - 300 | AG46: 1986 - 1990 | AI46: 980 | AJ46: 1171 | AK46: 1231 | AL46: 674 | AM46: 1269 | AN46: 1233 | AO46: 1276 | AP46: 1226 | AQ46: 1286 | AR46: 1373 | AS46: 1415 | AT46: 38 | AU46: 42 | AV46: 42 | AW46: 45 | AX46: 44 | AY46: 44 | AZ46: 44 | BA46: 44 | BB46: 45 | BC46: 46 | BD46: 46 | BE46: 42 | BF46: 42 | BG46: 43 | BH46: 43 | BI46: 43 | BJ46: 43 | BK46: 44 | BL46: 44 | BM46: 40 | BN46: 42 | BO46: 43 | BP46: 43 | BQ46: 44 | BR46: 44 | BS46: 43 | BT46: 43 | BU46: 43 | BV46: 38 | BW46: 36 | BX46: 36 | BY46: 36 | BZ46: 36 | CA46: 330.11364 | CB46: 44 | CC46: 514.17879 | CD46: 1.5575812 | CE46: 36 | CF46: 1415 | CG46: 1379 | CH46: -944 | CI46: 944
A47: 48 | B47: 32406 | C47: indavideo.hu | D47: 27936748-2-41 | E47: 27936748 6391 113 01 | F47: 63.91 | G47: Internetes keresőportállal kapcsolatos tevékenységek | H47: 63.9 | I47: Internetes keresőportállal kapcsolatos tevékenységek és egyéb információs szolgáltatás | J47: 63 | K47: Számítástechnikai infrastruktúra, adatfeldolgozás, tárhelyszolgáltatás és egyéb információs szolgáltatási tevékenységek | L47: K | M47: TÁVKÖZLÉS, SZÁMÍTÓGÉPES PROGRAMOZÁS, INFORMÁCIÓTECHNOLÓGIAI SZAKTANÁCSADÁS, SZÁMÍTÁSTECHNIKAI INFRASTRUKTÚRA ÉS EGYÉB INFORMÁCIÓS SZOLGÁLTATÁSOK | N47: 113 | O47: Korlátolt felelősségű társaság | P47: 11 | Q47: Gazdasági társaság | R47: 1 | S47: Jogi személyiségű vállalkozás | T47: 1 | U47: Budapest | V47: 11 | W47: Budapest | X47: 1 | Y47: Közép-Magyarország | Z47: 2020 | AA47: 65 | AB47: 196970000 | AC47: 50 | AD47: 50-99 | AE47: 3 | AF47: 51 - 300 | AG47: 2016 - 2020 | AH47: középvállalkozás | AI47: 39 | AJ47: 37 | AK47: 39 | AL47: 40 | AM47: 38 | AN47: 38 | AO47: 38 | AP47: 40 | AQ47: 38 | AR47: 38 | AS47: 38 | AT47: 38 | AU47: 38 | AV47: 38 | AW47: 40 | AX47: 38 | AY47: 41 | AZ47: 38 | BA47: 29 | BB47: 38 | BC47: 38 | BD47: 38 | BE47: 38 | BF47: 38 | BG47: 38 | BH47: 40 | BI47: 38 | BJ47: 42 | BK47: 42 | BL47: 42 | BM47: 38 | BN47: 38 | BO47: 38 | BP47: 38 | BQ47: 38 | BR47: 42 | BS47: 38 | BT47: 38 | BU47: 38 | BV47: 38 | BW47: 38 | BX47: 38 | BY47: 38 | BZ47: 38 | CA47: 38.431818 | CB47: 38 | CC47: 1.957665 | CD47: 0.050938653 | CE47: 29 | CF47: 42 | CG47: 13 | CH47: -1 | CI47: 1
A48: 49 | B48: 35655 | C48: oszk.hu | D48: 15321226-2-42 | E48: 15321226 9121 312 01 | F48: 91.21 | G48: Múzeumi, gyűjteményi tevékenység | H48: 91.2 | I48: Múzeumi, gyűjteményi, történelmi helyszíni, műemléki tevékenységek | J48: 91 | K48: Könyvtári, levéltári, múzeumi, egyéb kulturális tevékenység | L48: S | M48: MŰVÉSZET, SPORT, SZABADIDŐ | N48: 312 | O48: Központi költségvetési szerv | P48: 31 | Q48: Központi költségvetési irányító és költségvetési szervek | R48: 3 | S48: Költségvetési szervek és költségvetési rend szerint gazdálkodó szervek | T48: 1 | U48: Budapest | V48: 11 | W48: Budapest | X48: 1 | Y48: Közép-Magyarország | Z48: 1983 | AA48: 1727 | AC48: 93 | AD48: 1000-1999 | AE48: 0 | AF48: ismeretlen | AG48: - 1985 | AI48: 61 | AJ48: 62 | AK48: 62 | AL48: 63 | AM48: 61 | AN48: 61 | AO48: 62 | AP48: 62 | AQ48: 62 | AR48: 62 | AS48: 62 | AT48: 62 | AU48: 61 | AV48: 62 | AW48: 62 | AX48: 61 | AY48: 61 | AZ48: 62 | BA48: 60 | BB48: 61 | BC48: 62 | BD48: 63 | BE48: 61 | BF48: 62 | BG48: 60 | BH48: 59 | BI48: 59 | BJ48: 61 | BK48: 61 | BL48: 59 | BM48: 59 | BN48: 59 | BO48: 60 | BP48: 61 | BQ48: 61 | BR48: 60 | BS48: 61 | BT48: 62 | BU48: 61 | BV48: 61 | BW48: 63 | BX48: 61 | BY48: 63 | BZ48: 64 | CA48: 61.25 | CB48: 61 | CC48: 1.1837072 | CD48: 0.019325832 | CE48: 59 | CF48: 64 | CG48: 5 | CH48: 3 | CI48: 3
A49: 50 | B49: 35921 | C49: nepszava.hu | D49: 32640234-2-43 | E49: 32640234 5812 114 01 | F49: 58.12 | G49: Napilapkiadás | H49: 58.1 | I49: Könyv-, napilapkiadás, egyéb kiadói tevékenység (kivéve: szoftverkiadás) | J49: 58 | K49: Kiadói tevékenység | L49: J | M49: KIADÓI TEVÉKENYSÉG, MŰSORSZOLGÁLTATÁS, TARTALOMSZOLGÁLTATÁS ÉS -TERJESZTÉS | N49: 114 | O49: Részvénytársaság | P49: 11 | Q49: Gazdasági társaság | R49: 1 | S49: Jogi személyiségű vállalkozás | T49: 1 | U49: Budapest | V49: 11 | W49: Budapest | X49: 1 | Y49: Közép-Magyarország | Z49: 2024 | AA49: 97 | AB49: 612640000 | AC49: 50 | AD49: 50-99 | AE49: 5 | AF49: 501 - 700 | AG49: 2021 - 2025 | AH49: középvállalkozás | AI49: 130 | AJ49: 131 | AK49: 119 | AL49: 107 | AM49: 131 | AN49: 131 | AO49: 131 | AP49: 129 | AQ49: 117 | AR49: 134 | AS49: 131 | AT49: 130 | AU49: 128 | AV49: 128 | AW49: 134 | AX49: 127 | AY49: 132 | AZ49: 130 | BA49: 128 | BB49: 135 | BC49: 119 | BD49: 119 | BE49: 124 | BF49: 133 | BG49: 108 | BH49: 132 | BI49: 129 | BJ49: 108 | BK49: 134 | BL49: 131 | BM49: 109 | BN49: 104 | BO49: 108 | BP49: 107 | BQ49: 104 | BR49: 104 | BS49: 104 | BT49: 106 | BU49: 107 | BV49: 107 | BW49: 106 | BX49: 132 | BY49: 129 | BZ49: 130 | CA49: 121.75 | CB49: 128 | CC49: 11.373419 | CD49: 0.093416169 | CE49: 104 | CF49: 135 | CG49: 31 | CH49: 0 | CI49: 0
A50: 53 | B50: 36817 | C50: borsonline.hu | D50: 24785725-2-44 | E50: 24785725 5812 114 01 | F50: 58.12 | G50: Napilapkiadás | H50: 58.1 | I50: Könyv-, napilapkiadás, egyéb kiadói tevékenység (kivéve: szoftverkiadás) | J50: 58 | K50: Kiadói tevékenység | L50: J | M50: KIADÓI TEVÉKENYSÉG, MŰSORSZOLGÁLTATÁS, TARTALOMSZOLGÁLTATÁS ÉS -TERJESZTÉS | N50: 114 | O50: Részvénytársaság | P50: 11 | Q50: Gazdasági társaság | R50: 1 | S50: Jogi személyiségű vállalkozás | T50: 1 | U50: Budapest | V50: 11 | W50: Budapest | X50: 1 | Y50: Közép-Magyarország | Z50: 2013 | AA50: 1974 | AB50: 57098150000 | AC50: 93 | AD50: 1000-1999 | AE50: C | AF50: 10001 - | AG50: 2011 - 2015 | AH50: nagyvállalat | AI50: 28 | AJ50: 29 | AK50: 31 | AL50: 29 | AM50: 37 | AN50: 30 | AO50: 34 | AP50: 30 | AQ50: 33 | AR50: 30 | AS50: 26 | AT50: 22 | AU50: 20 | AV50: 20 | AW50: 25 | AX50: 25 | AY50: 19 | AZ50: 24 | BA50: 20 | BB50: 20 | BC50: 23 | BD50: 23 | BE50: 19 | BF50: 19 | BG50: 20 | BH50: 28 | BI50: 21 | BJ50: 11 | BK50: 22 | BL50: 20 | BM50: 18 | BN50: 20 | BO50: 14 | BP50: 23 | BQ50: 18 | BR50: 26 | BS50: 14 | BT50: 17 | BU50: 19 | BV50: 17 | BW50: 22 | BX50: 20 | BY50: 19 | BZ50: 19 | CA50: 22.818182 | CB50: 21.5 | CC50: 5.6620841 | CD50: 0.24813914 | CE50: 11 | CF50: 37 | CG50: 26 | CH50: -9 | CI50: 9
A51: 54 | B51: 37443 | C51: magyarorszag.hu | D51: 23083185-2-44 | E51: 23083185 6210 114 01 | F51: 62.1 | G51: Számítógépes programozás | H51: 62.1 | I51: Számítógépes programozás | J51: 62 | K51: Információtechnológiai szolgáltatás | L51: K | M51: TÁVKÖZLÉS, SZÁMÍTÓGÉPES PROGRAMOZÁS, INFORMÁCIÓTECHNOLÓGIAI SZAKTANÁCSADÁS, SZÁMÍTÁSTECHNIKAI INFRASTRUKTÚRA ÉS EGYÉB INFORMÁCIÓS SZOLGÁLTATÁSOK | N51: 114 | O51: Részvénytársaság | P51: 11 | Q51: Gazdasági társaság | R51: 1 | S51: Jogi személyiségű vállalkozás | T51: 1 | U51: Budapest | V51: 11 | W51: Budapest | X51: 1 | Y51: Közép-Magyarország | Z51: 2010 | AA51: 795 | AB51: 17965850000 | AC51: 91 | AD51: 500-999 | AE51: C | AF51: 10001 - | AG51: 2006 - 2010 | AH51: nagyvállalat | AI51: 7 | AJ51: 7 | AK51: 7 | AL51: 7 | AM51: 7 | AN51: 7 | AO51: 7 | AP51: 7 | AQ51: 7 | AR51: 7 | AS51: 7 | AT51: 7 | AU51: 7 | AV51: 7 | AW51: 7 | AX51: 7 | AY51: 7 | AZ51: 7 | BA51: 7 | BB51: 7 | BC51: 7 | BD51: 7 | BE51: 7 | BF51: 7 | BG51: 7 | BH51: 7 | BI51: 7 | BJ51: 7 | BK51: 7 | BL51: 7 | BM51: 7 | BN51: 7 | BO51: 7 | BP51: 7 | BQ51: 7 | BR51: 7 | BS51: 7 | BT51: 7 | BU51: 7 | BV51: 7 | BW51: 7 | BX51: 7 | BY51: 7 | BZ51: 7 | CA51: 7 | CB51: 7 | CC51: 0 | CD51: 0 | CE51: 7 | CF51: 7 | CG51: 0 | CH51: 0 | CI51: 0
A52: 55 | B52: 38891 | C52: hirstart.hu | D52: 25087910-2-41 | E52: 25087910 5813 114 01 | F52: 58.13 | G52: Folyóirat, időszaki kiadvány kiadása | H52: 58.1 | I52: Könyv-, napilapkiadás, egyéb kiadói tevékenység (kivéve: szoftverkiadás) | J52: 58 | K52: Kiadói tevékenység | L52: J | M52: KIADÓI TEVÉKENYSÉG, MŰSORSZOLGÁLTATÁS, TARTALOMSZOLGÁLTATÁS ÉS -TERJESZTÉS | N52: 114 | O52: Részvénytársaság | P52: 11 | Q52: Gazdasági társaság | R52: 1 | S52: Jogi személyiségű vállalkozás | T52: 1 | U52: Budapest | V52: 11 | W52: Budapest | X52: 1 | Y52: Közép-Magyarország | Z52: 2014 | AA52: 409 | AB52: 14254790000 | AC52: 82 | AD52: 300-499 | AE52: C | AF52: 10001 - | AG52: 2011 - 2015 | AH52: nagyvállalat | AI52: 72 | AJ52: 70 | AK52: 68 | AL52: 67 | AM52: 68 | AN52: 66 | AO52: 70 | AP52: 73 | AQ52: 73 | AR52: 68 | AS52: 67 | AT52: 74 | AU52: 75 | AV52: 68 | AW52: 72 | AX52: 67 | AY52: 69 | AZ52: 71 | BA52: 66 | BB52: 68 | BC52: 68 | BD52: 65 | BE52: 65 | BF52: 64 | BG52: 172 | BH52: 170 | BI52: 173 | BJ52: 161 | BK52: 163 | BL52: 164 | BM52: 162 | BN52: 160 | BO52: 163 | BP52: 169 | BQ52: 164 | BR52: 161 | BS52: 163 | BT52: 162 | BU52: 163 | BV52: 163 | BW52: 169 | BX52: 173 | BY52: 166 | BZ52: 169 | CA52: 112.81818 | CB52: 73.5 | CC52: 48.779653 | CD52: 0.43237404 | CE52: 64 | CF52: 173 | CG52: 109 | CH52: 97 | CI52: 97
A53: 56 | B53: 39754 | C53: m4sport.hu | D53: 10324224-4-41 | E53: 10324224 6020 573 01 | F53: 60.2 | G53: Televízióműsor összeállítása, szolgáltatása, videótartalom-terjesztés | H53: 60.2 | I53: Televízióműsor összeállítása, szolgáltatása, videótartalom-terjesztés | J53: 60 | K53: Műsor-összeállítás, műsorszolgáltatás, hírügynökségi és egyéb tartalomterjesztési tevékenység | L53: J | M53: KIADÓI TEVÉKENYSÉG, MŰSORSZOLGÁLTATÁS, TARTALOMSZOLGÁLTATÁS ÉS -TERJESZTÉS | N53: 573 | O53: Nonprofit részvénytársaság | P53: 57 | Q53: Nonprofit gazdasági társaság | R53: 5 | S53: Jogi személyiségű nonprofit szervezet | T53: 1 | U53: Budapest | V53: 11 | W53: Budapest | X53: 1 | Y53: Közép-Magyarország | Z53: 1989 | AB53: 78390000 | AC53: 0 | AD53: ismeretlen | AE53: 3 | AF53: 51 - 300 | AG53: 1986 - 1990 | AI53: 55 | AJ53: 55 | AK53: 55 | AL53: 55 | AM53: 55 | AN53: 55 | AO53: 55 | AP53: 55 | AQ53: 55 | AR53: 55 | AS53: 55 | AT53: 55 | AU53: 55 | AV53: 55 | AW53: 55 | AX53: 55 | AY53: 55 | AZ53: 55 | BA53: 55 | BB53: 55 | BC53: 55 | BD53: 50 | BE53: 50 | BF53: 50 | BG53: 50 | BH53: 50 | BI53: 50 | BJ53: 50 | BK53: 48 | BL53: 48 | BM53: 48 | BN53: 48 | BO53: 69 | BP53: 71 | BQ53: 64 | BR53: 66 | BS53: 65 | BT53: 64 | BU53: 71 | BV53: 66 | BW53: 66 | BX53: 69 | BY53: 68 | BZ53: 64 | CA53: 56.818182 | CB53: 55 | CC53: 6.8276889 | CD53: 0.12016733 | CE53: 48 | CF53: 71 | CG53: 23 | CH53: 9 | CI53: 9
A54: 57 | B54: 39810 | C54: libri.hu | D54: 10734977-2-42 | E54: 10734977 4761 113 01 | F54: 47.61 | G54: Könyv-kiskereskedelem | H54: 47.6 | I54: Kulturális, szabadidős cikk kiskereskedelme | J54: 47 | K54: Kiskereskedelem | L54: G | M54: KERESKEDELEM | N54: 113 | O54: Korlátolt felelősségű társaság | P54: 11 | Q54: Gazdasági társaság | R54: 1 | S54: Jogi személyiségű vállalkozás | T54: 1 | U54: Budapest | V54: 11 | W54: Budapest | X54: 1 | Y54: Közép-Magyarország | Z54: 1991 | AA54: 668 | AB54: 30370030000 | AC54: 91 | AD54: 500-999 | AE54: C | AF54: 10001 - | AG54: 1991 - 1995 | AH54: nagyvállalat | AI54: 218 | AJ54: 222 | AK54: 231 | AL54: 224 | AM54: 222 | AN54: 224 | AO54: 44 | AP54: 44 | AQ54: 42 | AR54: 42 | AS54: 39 | AT54: 39 | AU54: 39 | AV54: 38 | AW54: 31 | AX54: 31 | AY54: 31 | AZ54: 32 | BA54: 26 | BB54: 31 | BC54: 32 | BD54: 31 | BE54: 31 | BF54: 13 | BG54: 13 | BH54: 13 | BI54: 13 | BJ54: 12 | BK54: 13 | BL54: 13 | BM54: 13 | BN54: 12 | BO54: 12 | BP54: 13 | BQ54: 13 | BR54: 13 | BS54: 14 | BT54: 14 | BU54: 13 | BV54: 13 | BW54: 13 | BX54: 12 | BY54: 12 | BZ54: 13 | CA54: 50.318182 | CB54: 28.5 | CC54: 70.509037 | CD54: 1.4012636 | CE54: 12 | CF54: 231 | CG54: 219 | CH54: -205 | CI54: 205
A55: 58 | B55: 39896 | C55: e-kreta.hu | D55: 22777375-2-43 | E55: 22777375 5829 114 01 | F55: 58.29 | G55: Egyéb szoftverkiadás | H55: 58.2 | I55: Szoftverkiadás | J55: 58 | K55: Kiadói tevékenység | L55: J | M55: KIADÓI TEVÉKENYSÉG, MŰSORSZOLGÁLTATÁS, TARTALOMSZOLGÁLTATÁS ÉS -TERJESZTÉS | N55: 114 | O55: Részvénytársaság | P55: 11 | Q55: Gazdasági társaság | R55: 1 | S55: Jogi személyiségű vállalkozás | T55: 1 | U55: Budapest | V55: 11 | W55: Budapest | X55: 1 | Y55: Közép-Magyarország | Z55: 2010 | AA55: 228 | AB55: 2502690000 | AC55: 70 | AD55: 200-249 | AE55: 8 | AF55: 2501 - 4000 | AG55: 2006 - 2010 | AH55: középvállalkozás | AI55: 20 | AJ55: 20 | AK55: 20 | AL55: 20 | AM55: 20 | AN55: 20 | AO55: 20 | AP55: 20 | AQ55: 20 | AR55: 20 | AS55: 20 | AT55: 20 | AU55: 20 | AV55: 20 | AW55: 20 | AX55: 20 | AY55: 20 | AZ55: 20 | BA55: 20 | BB55: 20 | BC55: 20 | BD55: 20 | BE55: 20 | BF55: 20 | BG55: 20 | BH55: 20 | BI55: 20 | BJ55: 20 | BK55: 20 | BL55: 20 | BM55: 20 | BN55: 20 | BO55: 20 | BP55: 20 | BQ55: 20 | BR55: 20 | BS55: 20 | BT55: 20 | BU55: 20 | BV55: 20 | BW55: 20 | BX55: 20 | BY55: 20 | BZ55: 20 | CA55: 20 | CB55: 20 | CC55: 0 | CD55: 0 | CE55: 20 | CF55: 20 | CG55: 0 | CH55: 0 | CI55: 0
A56: 59 | B56: 40144 | C56: felvi.hu | D56: 15329729-2-41 | E56: 15329729 8412 312 01 | F56: 84.12 | G56: Egészségügy, oktatás, kultúra, egyéb szociális szolgáltatás igazgatása | H56: 84.1 | I56: Közigazgatás | J56: 84 | K56: Közigazgatás, védelem, kötelező társadalombiztosítás | L56: P | M56: KÖZIGAZGATÁS, VÉDELEM; KÖTELEZŐ TÁRSADALOMBIZTOSÍTÁS | N56: 312 | O56: Központi költségvetési szerv | P56: 31 | Q56: Központi költségvetési irányító és költségvetési szervek | R56: 3 | S56: Költségvetési szervek és költségvetési rend szerint gazdálkodó szervek | T56: 1 | U56: Budapest | V56: 11 | W56: Budapest | X56: 1 | Y56: Közép-Magyarország | Z56: 1999 | AA56: 1060 | AC56: 93 | AD56: 1000-1999 | AE56: 0 | AF56: ismeretlen | AG56: 1996 - 2000 | AI56: 13 | AJ56: 13 | AK56: 14 | AL56: 14 | AM56: 14 | AN56: 14 | AO56: 8 | AP56: 9 | AQ56: 13 | AR56: 16 | AS56: 6 | AT56: 8 | AU56: 8 | AV56: 11 | AW56: 11 | AX56: 11 | AY56: 8 | AZ56: 6 | BA56: 6 | BB56: 6 | BC56: 9 | BD56: 9 | BE56: 8 | BF56: 10 | BG56: 8 | BH56: 8 | BI56: 6 | BJ56: 6 | BK56: 6 | BL56: 14 | BM56: 11 | BN56: 14 | BO56: 17 | BP56: 17 | BQ56: 20 | BR56: 20 | BS56: 19 | BT56: 6 | BU56: 6 | BV56: 6 | BW56: 6 | BX56: 6 | BY56: 6 | BZ56: 7 | CA56: 10.318182 | CB56: 9 | CC56: 4.2741665 | CD56: 0.4142364 | CE56: 6 | CF56: 20 | CG56: 14 | CH56: -6 | CI56: 6
A57: 60 | B57: 41154 | C57: totalcar.hu | D57: 12514988-2-41 | E57: 12514988 5811 113 01 | F57: 58.11 | G57: Könyvkiadás | H57: 58.1 | I57: Könyv-, napilapkiadás, egyéb kiadói tevékenység (kivéve: szoftverkiadás) | J57: 58 | K57: Kiadói tevékenység | L57: J | M57: KIADÓI TEVÉKENYSÉG, MŰSORSZOLGÁLTATÁS, TARTALOMSZOLGÁLTATÁS ÉS -TERJESZTÉS | N57: 113 | O57: Korlátolt felelősségű társaság | P57: 11 | Q57: Gazdasági társaság | R57: 1 | S57: Jogi személyiségű vállalkozás | T57: 1 | U57: Budapest | V57: 11 | W57: Budapest | X57: 1 | Y57: Közép-Magyarország | Z57: 2000 | AA57: 13 | AB57: 235750000 | AC57: 30 | AD57: 10-19 | AE57: 3 | AF57: 51 - 300 | AG57: 1996 - 2000 | AH57: kisvállalkozás | AI57: 133 | AJ57: 134 | AK57: 130 | AL57: 74 | AM57: 70 | AN57: 67 | AO57: 72 | AP57: 76 | AQ57: 76 | AR57: 78 | AS57: 79 | AT57: 83 | AU57: 80 | AV57: 79 | AW57: 80 | AX57: 83 | AY57: 84 | AZ57: 79 | BA57: 20 | BB57: 25 | BC57: 28 | BD57: 25 | BE57: 26 | BF57: 22 | BG57: 25 | BH57: 28 | BI57: 28 | BJ57: 31 | BK57: 23 | BL57: 27 | BM57: 25 | BN57: 18 | BO57: 21 | BP57: 18 | BQ57: 17 | BR57: 23 | BS57: 22 | BT57: 20 | BU57: 20 | BV57: 18 | BW57: 17 | BX57: 23 | BY57: 18 | BZ57: 18 | CA57: 48.704545 | CB57: 27.5 | CC57: 34.716513 | CD57: 0.71279821 | CE57: 17 | CF57: 134 | CG57: 117 | CH57: -115 | CI57: 115
A58: 61 | B58: 41515 | C58: pte.hu | D58: 19308681-4-02 | E58: 19308681 8540 563 02 | F58: 85.4 | G58: Felsőoktatás | H58: 85.4 | I58: Felsőoktatás | J58: 85 | K58: Oktatás | L58: Q | M58: OKTATÁS | N58: 563 | O58: Egyéb alapítvány önálló intézménye | P58: 56 | Q58: Alapítvány, jogi személyiségű intézménye és szervezeti egysége | R58: 5 | S58: Jogi személyiségű nonprofit szervezet | T58: 2 | U58: Baranya | V58: 40 | W58: Dél-Dunántúl | X58: 2 | Y58: Dunántúl | Z58: 2021 | AC58: 0 | AD58: ismeretlen | AE58: 0 | AF58: ismeretlen | AG58: 2021 - 2025 | AI58: 121 | AJ58: 121 | AK58: 121 | AL58: 121 | AM58: 121 | AN58: 121 | AO58: 121 | AP58: 121 | AQ58: 121 | AR58: 121 | AS58: 121 | AT58: 121 | AU58: 121 | AV58: 85 | AW58: 92 | AX58: 89 | AY58: 84 | AZ58: 94 | BA58: 85 | BB58: 88 | BC58: 85 | BD58: 93 | BE58: 94 | BF58: 92 | BG58: 90 | BH58: 96 | BI58: 94 | BJ58: 96 | BK58: 94 | BL58: 94 | BM58: 94 | BN58: 94 | BO58: 94 | BP58: 95 | BQ58: 97 | BR58: 99 | BS58: 99 | BT58: 97 | BU58: 97 | BV58: 97 | BW58: 96 | BX58: 90 | BY58: 92 | BZ58: 88 | CA58: 101.06818 | CB58: 95.5 | CC58: 13.522415 | CD58: 0.13379498 | CE58: 84 | CF58: 121 | CG58: 37 | CH58: -33 | CI58: 33
A59: 62 | B59: 41927 | C59: sagikazarmark.hu | D59: 55787833-1-33 | E59: 55787833 6210 231 13 | F59: 62.1 | G59: Számítógépes programozás | H59: 62.1 | I59: Számítógépes programozás | J59: 62 | K59: Információtechnológiai szolgáltatás | L59: K | M59: TÁVKÖZLÉS, SZÁMÍTÓGÉPES PROGRAMOZÁS, INFORMÁCIÓTECHNOLÓGIAI SZAKTANÁCSADÁS, SZÁMÍTÁSTECHNIKAI INFRASTRUKTÚRA ÉS EGYÉB INFORMÁCIÓS SZOLGÁLTATÁSOK | N59: 231 | O59: Egyéni vállalkozó | P59: 23 | Q59: Önálló vállalkozó | R59: 2 | S59: Jogi személyiség nélküli vállalkozás | T59: 13 | U59: Pest | V59: 12 | W59: Pest | X59: 1 | Y59: Közép-Magyarország | Z59: 2020 | AB59: 2750000 | AC59: 0 | AD59: ismeretlen | AE59: 1 | AF59: 0 - 20 | AG59: 2016 - 2020 | AI59: 63 | AJ59: 63 | AK59: 63 | AL59: 63 | AM59: 63 | AN59: 63 | AO59: 63 | AP59: 63 | AQ59: 63 | AR59: 63 | AS59: 63 | AT59: 63 | AU59: 63 | AV59: 63 | AW59: 63 | AX59: 63 | AY59: 63 | AZ59: 63 | BA59: 63 | BB59: 63 | BC59: 63 | BD59: 63 | BE59: 63 | BF59: 63 | BG59: 63 | BH59: 63 | BI59: 63 | BJ59: 63 | BK59: 63 | BL59: 63 | BM59: 63 | BN59: 63 | BO59: 63 | BP59: 63 | BQ59: 63 | BR59: 63 | BS59: 63 | BT59: 63 | BU59: 63 | BV59: 63 | BW59: 63 | BX59: 63 | BY59: 63 | BZ59: 63 | CA59: 63 | CB59: 63 | CC59: 0 | CD59: 0 | CE59: 63 | CF59: 63 | CG59: 0 | CH59: 0 | CI59: 0
A60: 63 | B60: 42356 | C60: economx.hu | D60: 11990259-2-41 | E60: 11990259 5812 113 01 | F60: 58.12 | G60: Napilapkiadás | H60: 58.1 | I60: Könyv-, napilapkiadás, egyéb kiadói tevékenység (kivéve: szoftverkiadás) | J60: 58 | K60: Kiadói tevékenység | L60: J | M60: KIADÓI TEVÉKENYSÉG, MŰSORSZOLGÁLTATÁS, TARTALOMSZOLGÁLTATÁS ÉS -TERJESZTÉS | N60: 113 | O60: Korlátolt felelősségű társaság | P60: 11 | Q60: Gazdasági társaság | R60: 1 | S60: Jogi személyiségű vállalkozás | T60: 1 | U60: Budapest | V60: 11 | W60: Budapest | X60: 1 | Y60: Közép-Magyarország | Z60: 2000 | AA60: 21 | AB60: 640810000 | AC60: 40 | AD60: 20-49 | AE60: 5 | AF60: 501 - 700 | AG60: 1996 - 2000 | AH60: kisvállalkozás | AI60: 26 | AJ60: 22 | AK60: 22 | AL60: 26 | AM60: 24 | AN60: 27 | AO60: 27 | AP60: 33 | AQ60: 27 | AR60: 27 | AS60: 29 | AT60: 30 | AU60: 29 | AV60: 31 | AW60: 27 | AX60: 28 | AY60: 26 | AZ60: 39 | BA60: 22 | BB60: 30 | BC60: 27 | BD60: 28 | BE60: 30 | BF60: 31 | BG60: 37 | BH60: 30 | BI60: 30 | BJ60: 31 | BK60: 27 | BL60: 35 | BM60: 25 | BN60: 30 | BO60: 32 | BP60: 32 | BQ60: 28 | BR60: 30 | BS60: 24 | BT60: 20 | BU60: 27 | BV60: 33 | BW60: 30 | BX60: 30 | BY60: 59 | BZ60: 54 | CA60: 29.818182 | CB60: 29 | CC60: 7.0257756 | CD60: 0.23562052 | CE60: 20 | CF60: 59 | CG60: 39 | CH60: 28 | CI60: 28
A61: 64 | B61: 42614 | C61: divany.hu | D61: 27936748-2-41 | E61: 27936748 6391 113 01 | F61: 63.91 | G61: Internetes keresőportállal kapcsolatos tevékenységek | H61: 63.9 | I61: Internetes keresőportállal kapcsolatos tevékenységek és egyéb információs szolgáltatás | J61: 63 | K61: Számítástechnikai infrastruktúra, adatfeldolgozás, tárhelyszolgáltatás és egyéb információs szolgáltatási tevékenységek | L61: K | M61: TÁVKÖZLÉS, SZÁMÍTÓGÉPES PROGRAMOZÁS, INFORMÁCIÓTECHNOLÓGIAI SZAKTANÁCSADÁS, SZÁMÍTÁSTECHNIKAI INFRASTRUKTÚRA ÉS EGYÉB INFORMÁCIÓS SZOLGÁLTATÁSOK | N61: 113 | O61: Korlátolt felelősségű társaság | P61: 11 | Q61: Gazdasági társaság | R61: 1 | S61: Jogi személyiségű vállalkozás | T61: 1 | U61: Budapest | V61: 11 | W61: Budapest | X61: 1 | Y61: Közép-Magyarország | Z61: 2020 | AA61: 65 | AB61: 196970000 | AC61: 50 | AD61: 50-99 | AE61: 3 | AF61: 51 - 300 | AG61: 2016 - 2020 | AH61: középvállalkozás | AI61: 45 | AJ61: 43 | AK61: 44 | AL61: 44 | AM61: 44 | AN61: 45 | AO61: 44 | AP61: 44 | AQ61: 45 | AR61: 51 | AS61: 44 | AT61: 44 | AU61: 44 | AV61: 50 | AW61: 45 | AX61: 46 | AY61: 46 | AZ61: 45 | BA61: 39 | BB61: 46 | BC61: 43 | BD61: 43 | BE61: 46 | BF61: 44 | BG61: 47 | BH61: 45 | BI61: 47 | BJ61: 47 | BK61: 45 | BL61: 46 | BM61: 46 | BN61: 43 | BO61: 43 | BP61: 47 | BQ61: 48 | BR61: 45 | BS61: 45 | BT61: 44 | BU61: 45 | BV61: 45 | BW61: 45 | BX61: 45 | BY61: 216 | BZ61: 218 | CA61: 52.863636 | CB61: 45 | CC61: 36.282862 | CD61: 0.68634821 | CE61: 39 | CF61: 218 | CG61: 179 | CH61: 173 | CI61: 173
A62: 65 | B62: 42628 | C62: otpbank.hu | D62: 10537914-4-44 | E62: 10537914 6419 114 01 | F62: 64.19 | G62: Egyéb monetáris közvetítés | H62: 64.1 | I62: Monetáris közvetítés | J62: 64 | K62: Pénzügyi szolgáltatás (kivéve: biztosítási, nyugdíjpénztári tevékenység) | L62: L | M62: PÉNZÜGYI, BIZTOSÍTÁSI TEVÉKENYSÉG | N62: 114 | O62: Részvénytársaság | P62: 11 | Q62: Gazdasági társaság | R62: 1 | S62: Jogi személyiségű vállalkozás | T62: 1 | U62: Budapest | V62: 11 | W62: Budapest | X62: 1 | Y62: Közép-Magyarország | Z62: 1990 | AB62: 2526361000000 | AC62: 0 | AD62: ismeretlen | AE62: C | AF62: 10001 - | AG62: 1986 - 1990 | AI62: 74 | AJ62: 74 | AK62: 74 | AL62: 74 | AM62: 74 | AN62: 74 | AO62: 73 | AP62: 73 | AQ62: 73 | AR62: 73 | AS62: 73 | AT62: 73 | AU62: 73 | AV62: 73 | AW62: 73 | AX62: 73 | AY62: 73 | AZ62: 73 | BA62: 73 | BB62: 73 | BC62: 73 | BD62: 73 | BE62: 73 | BF62: 73 | BG62: 73 | BH62: 73 | BI62: 73 | BJ62: 73 | BK62: 73 | BL62: 73 | BM62: 73 | BN62: 73 | BO62: 73 | BP62: 73 | BQ62: 73 | BR62: 73 | BS62: 73 | BT62: 73 | BU62: 72 | BV62: 72 | BW62: 72 | BX62: 72 | BY62: 72 | BZ62: 72 | CA62: 73 | CB62: 73 | CC62: 0.52827054 | CD62: 0.0072365828 | CE62: 72 | CF62: 74 | CG62: 2 | CH62: -2 | CI62: 2
A63: 66 | B63: 42864 | C63: unideb.hu | D63: 19308667-4-09 | E63: 19308667 8540 563 09 | F63: 85.4 | G63: Felsőoktatás | H63: 85.4 | I63: Felsőoktatás | J63: 85 | K63: Oktatás | L63: Q | M63: OKTATÁS | N63: 563 | O63: Egyéb alapítvány önálló intézménye | P63: 56 | Q63: Alapítvány, jogi személyiségű intézménye és szervezeti egysége | R63: 5 | S63: Jogi személyiségű nonprofit szervezet | T63: 9 | U63: Hajdú-Bihar | V63: 60 | W63: Észak-Alföld | X63: 3 | Y63: Alföld és Észak | Z63: 2021 | AC63: 0 | AD63: ismeretlen | AE63: 0 | AF63: ismeretlen | AG63: 2021 - 2025 | AI63: 69 | AJ63: 69 | AK63: 69 | AL63: 69 | AM63: 69 | AN63: 69 | AO63: 69 | AP63: 69 | AQ63: 69 | AR63: 69 | AS63: 69 | AT63: 69 | AU63: 69 | AV63: 69 | AW63: 69 | AX63: 69 | AY63: 69 | AZ63: 69 | BA63: 69 | BB63: 69 | BC63: 69 | BD63: 69 | BE63: 69 | BF63: 69 | BG63: 69 | BH63: 69 | BI63: 69 | BJ63: 69 | BK63: 69 | BL63: 69 | BM63: 69 | BN63: 69 | BO63: 69 | BP63: 69 | BQ63: 69 | BR63: 69 | BS63: 69 | BT63: 69 | BU63: 69 | BV63: 69 | BW63: 69 | BX63: 69 | BY63: 69 | BZ63: 69 | CA63: 69 | CB63: 69 | CC63: 0 | CD63: 0 | CE63: 69 | CF63: 69 | CG63: 0 | CH63: 0 | CI63: 0
A64: 67 | B64: 43228 | C64: moly.hu | D64: 22366157-2-13 | E64: 22366157 6290 117 13 | F64: 62.9 | G64: Egyéb információtechnológiai szolgáltatás | H64: 62.9 | I64: Egyéb információtechnológiai szolgáltatás | J64: 62 | K64: Információtechnológiai szolgáltatás | L64: K | M64: TÁVKÖZLÉS, SZÁMÍTÓGÉPES PROGRAMOZÁS, INFORMÁCIÓTECHNOLÓGIAI SZAKTANÁCSADÁS, SZÁMÍTÁSTECHNIKAI INFRASTRUKTÚRA ÉS EGYÉB INFORMÁCIÓS SZOLGÁLTATÁSOK | N64: 117 | O64: Betéti társaság | P64: 11 | Q64: Gazdasági társaság | R64: 1 | S64: Jogi személyiségű vállalkozás | T64: 13 | U64: Pest | V64: 12 | W64: Pest | X64: 1 | Y64: Közép-Magyarország | Z64: 2007 | AA64: 2 | AB64: 61030000 | AC64: 12 | AD64: 2 | AE64: 3 | AF64: 51 - 300 | AG64: 2006 - 2010 | AH64: mikrovállalkozás | AI64: 124 | AJ64: 125 | AK64: 123 | AL64: 135 | AM64: 127 | AN64: 129 | AO64: 131 | AP64: 120 | AQ64: 128 | AR64: 128 | AS64: 130 | AT64: 113 | AU64: 96 | AV64: 103 | AW64: 102 | AX64: 112 | AY64: 124 | AZ64: 136 | BA64: 131 | BB64: 133 | BC64: 127 | BD64: 135 | BE64: 154 | BF64: 109 | BG64: 118 | BH64: 125 | BI64: 116 | BJ64: 124 | BK64: 109 | BL64: 118 | BM64: 149 | BN64: 132 | BO64: 138 | BP64: 115 | BQ64: 115 | BR64: 100 | BS64: 104 | BT64: 98 | BU64: 108 | BV64: 120 | BW64: 115 | BX64: 116 | BY64: 100 | BZ64: 134 | CA64: 121.11364 | CB64: 123.5 | CC64: 13.277391 | CD64: 0.10962755 | CE64: 96 | CF64: 154 | CG64: 58 | CH64: 10 | CI64: 10
A65: 68 | B65: 43999 | C65: hirtv.hu | D65: 12896055-2-42 | E65: 12896055 6020 114 01 | F65: 60.2 | G65: Televízióműsor összeállítása, szolgáltatása, videótartalom-terjesztés | H65: 60.2 | I65: Televízióműsor összeállítása, szolgáltatása, videótartalom-terjesztés | J65: 60 | K65: Műsor-összeállítás, műsorszolgáltatás, hírügynökségi és egyéb tartalomterjesztési tevékenység | L65: J | M65: KIADÓI TEVÉKENYSÉG, MŰSORSZOLGÁLTATÁS, TARTALOMSZOLGÁLTATÁS ÉS -TERJESZTÉS | N65: 114 | O65: Részvénytársaság | P65: 11 | Q65: Gazdasági társaság | R65: 1 | S65: Jogi személyiségű vállalkozás | T65: 1 | U65: Budapest | V65: 11 | W65: Budapest | X65: 1 | Y65: Közép-Magyarország | Z65: 2002 | AA65: 228 | AB65: 4814880000 | AC65: 70 | AD65: 200-249 | AE65: A | AF65: 4001 - 7000 | AG65: 2001 - 2005 | AH65: középvállalkozás | AI65: 116 | AJ65: 108 | AK65: 106 | AL65: 106 | AM65: 105 | AN65: 105 | AO65: 106 | AP65: 107 | AQ65: 105 | AR65: 107 | AS65: 108 | AT65: 106 | AU65: 109 | AV65: 105 | AW65: 111 | AX65: 108 | AY65: 111 | AZ65: 109 | BA65: 107 | BB65: 107 | BC65: 106 | BD65: 105 | BE65: 107 | BF65: 112 | BG65: 105 | BH65: 105 | BI65: 6 | BJ65: 6 | BK65: 6 | BL65: 6 | BM65: 6 | BN65: 6 | BO65: 6 | BP65: 6 | BQ65: 6 | BR65: 6 | BS65: 6 | BT65: 6 | BU65: 6 | BV65: 6 | BW65: 6 | BX65: 6 | BY65: 6 | BZ65: 6 | CA65: 65.909091 | CB65: 105 | CC65: 50.464732 | CD65: 0.7656718 | CE65: 6 | CF65: 116 | CG65: 110 | CH65: -110 | CI65: 110
A66: 69 | B66: 44195 | C66: lira.hu | D66: 10853665-2-42 | E66: 10853665 4761 114 01 | F66: 47.61 | G66: Könyv-kiskereskedelem | H66: 47.6 | I66: Kulturális, szabadidős cikk kiskereskedelme | J66: 47 | K66: Kiskereskedelem | L66: G | M66: KERESKEDELEM | N66: 114 | O66: Részvénytársaság | P66: 11 | Q66: Gazdasági társaság | R66: 1 | S66: Jogi személyiségű vállalkozás | T66: 1 | U66: Budapest | V66: 11 | W66: Budapest | X66: 1 | Y66: Közép-Magyarország | Z66: 1993 | AA66: 200 | AB66: 12515960000 | AC66: 70 | AD66: 200-249 | AE66: C | AF66: 10001 - | AG66: 1991 - 1995 | AH66: középvállalkozás | AI66: 268 | AJ66: 270 | AK66: 264 | AL66: 261 | AM66: 253 | AN66: 244 | AO66: 248 | AP66: 249 | AQ66: 255 | AR66: 263 | AS66: 250 | AT66: 250 | AU66: 249 | AV66: 245 | AW66: 248 | AX66: 246 | AY66: 248 | AZ66: 247 | BA66: 221 | BB66: 246 | BC66: 257 | BD66: 244 | BE66: 251 | BF66: 251 | BG66: 251 | BH66: 256 | BI66: 252 | BJ66: 251 | BK66: 245 | BL66: 248 | BM66: 246 | BN66: 244 | BO66: 241 | BP66: 240 | BQ66: 240 | BR66: 243 | BS66: 242 | BT66: 238 | BU66: 239 | BV66: 234 | BW66: 235 | BX66: 237 | BY66: 242 | BZ66: 243 | CA66: 247.61364 | CB66: 247.5 | CC66: 9.1275609 | CD66: 0.036862109 | CE66: 221 | CF66: 270 | CG66: 49 | CH66: -25 | CI66: 25
A67: 70 | B67: 44315 | C67: szallas.hu | D67: 32362903-2-05 | E67: 32362903 6391 114 05 | F67: 63.91 | G67: Internetes keresőportállal kapcsolatos tevékenységek | H67: 63.9 | I67: Internetes keresőportállal kapcsolatos tevékenységek és egyéb információs szolgáltatás | J67: 63 | K67: Számítástechnikai infrastruktúra, adatfeldolgozás, tárhelyszolgáltatás és egyéb információs szolgáltatási tevékenységek | L67: K | M67: TÁVKÖZLÉS, SZÁMÍTÓGÉPES PROGRAMOZÁS, INFORMÁCIÓTECHNOLÓGIAI SZAKTANÁCSADÁS, SZÁMÍTÁSTECHNIKAI INFRASTRUKTÚRA ÉS EGYÉB INFORMÁCIÓS SZOLGÁLTATÁSOK | N67: 114 | O67: Részvénytársaság | P67: 11 | Q67: Gazdasági társaság | R67: 1 | S67: Jogi személyiségű vállalkozás | T67: 5 | U67: Borsod-Abaúj-Zemplén | V67: 50 | W67: Észak-Magyarország | X67: 3 | Y67: Alföld és Észak | Z67: 2023 | AA67: 215 | AB67: 6975250000 | AC67: 70 | AD67: 200-249 | AE67: A | AF67: 4001 - 7000 | AG67: 2021 - 2025 | AH67: középvállalkozás | AI67: 228 | AJ67: 226 | AK67: 230 | AL67: 227 | AM67: 232 | AN67: 238 | AO67: 238 | AP67: 234 | AQ67: 233 | AR67: 234 | AS67: 232 | AT67: 231 | AU67: 231 | AV67: 226 | AW67: 226 | AX67: 227 | AY67: 223 | AZ67: 224 | BA67: 222 | BB67: 231 | BC67: 233 | BD67: 226 | BE67: 214 | BF67: 218 | BG67: 212 | BH67: 218 | BI67: 224 | BJ67: 224 | BK67: 222 | BL67: 227 | BM67: 221 | BN67: 217 | BO67: 220 | BP67: 214 | BQ67: 212 | BR67: 214 | BS67: 214 | BT67: 193 | BU67: 212 | BV67: 212 | BW67: 214 | BX67: 215 | BY67: 213 | BZ67: 211 | CA67: 222.56818 | CB67: 224 | CC67: 9.1458409 | CD67: 0.041092311 | CE67: 193 | CF67: 238 | CG67: 45 | CH67: -17 | CI67: 17
A68: 71 | B68: 44336 | C68: ripost.hu | D68: 24785725-2-44 | E68: 24785725 5812 114 01 | F68: 58.12 | G68: Napilapkiadás | H68: 58.1 | I68: Könyv-, napilapkiadás, egyéb kiadói tevékenység (kivéve: szoftverkiadás) | J68: 58 | K68: Kiadói tevékenység | L68: J | M68: KIADÓI TEVÉKENYSÉG, MŰSORSZOLGÁLTATÁS, TARTALOMSZOLGÁLTATÁS ÉS -TERJESZTÉS | N68: 114 | O68: Részvénytársaság | P68: 11 | Q68: Gazdasági társaság | R68: 1 | S68: Jogi személyiségű vállalkozás | T68: 1 | U68: Budapest | V68: 11 | W68: Budapest | X68: 1 | Y68: Közép-Magyarország | Z68: 2013 | AA68: 1974 | AB68: 57098150000 | AC68: 93 | AD68: 1000-1999 | AE68: C | AF68: 10001 - | AG68: 2011 - 2015 | AH68: nagyvállalat | AI68: 35 | AJ68: 36 | AK68: 36 | AL68: 37 | AM68: 36 | AN68: 38 | AO68: 36 | AP68: 36 | AQ68: 31 | AR68: 31 | AS68: 32 | AT68: 30 | AU68: 30 | AV68: 30 | AW68: 30 | AX68: 30 | AY68: 31 | AZ68: 30 | BA68: 29 | BB68: 30 | BC68: 30 | BD68: 30 | BE68: 29 | BF68: 30 | BG68: 30 | BH68: 4 | BI68: 3 | BJ68: 7 | BK68: 7 | BL68: 6 | BM68: 6 | BN68: 7 | BO68: 6 | BP68: 6 | BQ68: 7 | BR68: 8 | BS68: 5 | BT68: 4 | BU68: 8 | BV68: 5 | BW68: 5 | BX68: 9 | BY68: 7 | BZ68: 6 | CA68: 20.886364 | CB68: 30 | CC68: 13.261618 | CD68: 0.63494144 | CE68: 3 | CF68: 38 | CG68: 35 | CH68: -29 | CI68: 29
A69: 72 | B69: 44726 | C69: delmagyar.hu | D69: 24785725-2-44 | E69: 24785725 5812 114 01 | F69: 58.12 | G69: Napilapkiadás | H69: 58.1 | I69: Könyv-, napilapkiadás, egyéb kiadói tevékenység (kivéve: szoftverkiadás) | J69: 58 | K69: Kiadói tevékenység | L69: J | M69: KIADÓI TEVÉKENYSÉG, MŰSORSZOLGÁLTATÁS, TARTALOMSZOLGÁLTATÁS ÉS -TERJESZTÉS | N69: 114 | O69: Részvénytársaság | P69: 11 | Q69: Gazdasági társaság | R69: 1 | S69: Jogi személyiségű vállalkozás | T69: 1 | U69: Budapest | V69: 11 | W69: Budapest | X69: 1 | Y69: Közép-Magyarország | Z69: 2013 | AA69: 1974 | AB69: 57098150000 | AC69: 93 | AD69: 1000-1999 | AE69: C | AF69: 10001 - | AG69: 2011 - 2015 | AH69: nagyvállalat | AI69: 82 | AJ69: 82 | AK69: 81 | AL69: 82 | AM69: 82 | AN69: 82 | AO69: 82 | AP69: 82 | AQ69: 73 | AR69: 73 | AS69: 73 | AT69: 74 | AU69: 73 | AV69: 73 | AW69: 73 | AX69: 73 | AY69: 73 | AZ69: 73 | BA69: 73 | BB69: 73 | BC69: 73 | BD69: 73 | BE69: 73 | BF69: 73 | BG69: 31 | BH69: 31 | BI69: 32 | BJ69: 32 | BK69: 31 | BL69: 30 | BM69: 29 | BN69: 30 | BO69: 29 | BP69: 31 | BQ69: 29 | BR69: 29 | BS69: 28 | BT69: 32 | BU69: 31 | BV69: 34 | BW69: 34 | BX69: 33 | BY69: 33 | BZ69: 34 | CA69: 55.613636 | CB69: 73 | CC69: 22.83634 | CD69: 0.41062483 | CE69: 28 | CF69: 82 | CG69: 54 | CH69: -48 | CI69: 48
A70: 74 | B70: 45110 | C70: infostart.hu | D70: 32884915-2-41 | E70: 32884915 6010 114 01 | F70: 60.1 | G70: Rádióműsor-szolgáltatás, audiotartalom-terjesztés | H70: 60.1 | I70: Rádióműsor-szolgáltatás, audiotartalom-terjesztés | J70: 60 | K70: Műsor-összeállítás, műsorszolgáltatás, hírügynökségi és egyéb tartalomterjesztési tevékenység | L70: J | M70: KIADÓI TEVÉKENYSÉG, MŰSORSZOLGÁLTATÁS, TARTALOMSZOLGÁLTATÁS ÉS -TERJESZTÉS | N70: 114 | O70: Részvénytársaság | P70: 11 | Q70: Gazdasági társaság | R70: 1 | S70: Jogi személyiségű vállalkozás | T70: 1 | U70: Budapest | V70: 11 | W70: Budapest | X70: 1 | Y70: Közép-Magyarország | Z70: 2025 | AA70: 43 | AC70: 40 | AD70: 20-49 | AE70: 0 | AF70: ismeretlen | AG70: 2021 - 2025 | AI70: 66 | AJ70: 63 | AK70: 65 | AL70: 69 | AM70: 65 | AN70: 68 | AO70: 69 | AP70: 67 | AQ70: 69 | AR70: 66 | AS70: 67 | AT70: 64 | AU70: 71 | AV70: 67 | AW70: 64 | AX70: 67 | AY70: 65 | AZ70: 70 | BA70: 68 | BB70: 65 | BC70: 71 | BD70: 65 | BE70: 65 | BF70: 62 | BG70: 65 | BH70: 65 | BI70: 63 | BJ70: 64 | BK70: 67 | BL70: 67 | BM70: 64 | BN70: 62 | BO70: 58 | BP70: 58 | BQ70: 63 | BR70: 57 | BS70: 58 | BT70: 55 | BU70: 58 | BV70: 58 | BW70: 62 | BX70: 58 | BY70: 62 | BZ70: 57 | CA70: 64.068182 | CB70: 65 | CC70: 4.1055704 | CD70: 0.064081269 | CE70: 55 | CF70: 71 | CG70: 16 | CH70: -9 | CI70: 9
A71: 75 | B71: 45276 | C71: jogtar.hu | D71: 12643228-2-43 | E71: 12643228 5811 113 01 | F71: 58.11 | G71: Könyvkiadás | H71: 58.1 | I71: Könyv-, napilapkiadás, egyéb kiadói tevékenység (kivéve: szoftverkiadás) | J71: 58 | K71: Kiadói tevékenység | L71: J | M71: KIADÓI TEVÉKENYSÉG, MŰSORSZOLGÁLTATÁS, TARTALOMSZOLGÁLTATÁS ÉS -TERJESZTÉS | N71: 113 | O71: Korlátolt felelősségű társaság | P71: 11 | Q71: Gazdasági társaság | R71: 1 | S71: Jogi személyiségű vállalkozás | T71: 1 | U71: Budapest | V71: 11 | W71: Budapest | X71: 1 | Y71: Közép-Magyarország | Z71: 2001 | AA71: 74 | AB71: 3758590000 | AC71: 50 | AD71: 50-99 | AE71: 8 | AF71: 2501 - 4000 | AG71: 2001 - 2005 | AH71: középvállalkozás | AI71: 3 | AJ71: 3 | AK71: 3 | AL71: 3 | AM71: 3 | AN71: 3 | AO71: 3 | AP71: 3 | AQ71: 3 | AR71: 3 | AS71: 3 | AT71: 3 | AU71: 3 | AV71: 3 | AW71: 3 | AX71: 3 | AY71: 3 | AZ71: 3 | BA71: 3 | BB71: 3 | BC71: 3 | BD71: 3 | BE71: 3 | BF71: 3 | BG71: 3 | BH71: 3 | BI71: 3 | BJ71: 3 | BK71: 3 | BL71: 3 | BM71: 3 | BN71: 3 | BO71: 3 | BP71: 3 | BQ71: 3 | BR71: 3 | BS71: 3 | BT71: 3 | BU71: 3 | BV71: 3 | BW71: 3 | BX71: 3 | BY71: 3 | BZ71: 5 | CA71: 3.0454545 | CB71: 3 | CC71: 0.30151134 | CD71: 0.099003725 | CE71: 3 | CF71: 5 | CG71: 2 | CH71: 2 | CI71: 2
A72: 76 | B72: 45483 | C72: oktatas.hu | D72: 15329729-2-41 | E72: 15329729 8412 312 01 | F72: 84.12 | G72: Egészségügy, oktatás, kultúra, egyéb szociális szolgáltatás igazgatása | H72: 84.1 | I72: Közigazgatás | J72: 84 | K72: Közigazgatás, védelem, kötelező társadalombiztosítás | L72: P | M72: KÖZIGAZGATÁS, VÉDELEM; KÖTELEZŐ TÁRSADALOMBIZTOSÍTÁS | N72: 312 | O72: Központi költségvetési szerv | P72: 31 | Q72: Központi költségvetési irányító és költségvetési szervek | R72: 3 | S72: Költségvetési szervek és költségvetési rend szerint gazdálkodó szervek | T72: 1 | U72: Budapest | V72: 11 | W72: Budapest | X72: 1 | Y72: Közép-Magyarország | Z72: 1999 | AA72: 1060 | AC72: 93 | AD72: 1000-1999 | AE72: 0 | AF72: ismeretlen | AG72: 1996 - 2000 | AI72: 41 | AJ72: 41 | AK72: 41 | AL72: 31 | AM72: 32 | AN72: 32 | AO72: 32 | AP72: 32 | AQ72: 33 | AR72: 32 | AS72: 32 | AT72: 32 | AU72: 32 | AV72: 32 | AW72: 32 | AX72: 33 | AY72: 33 | AZ72: 33 | BA72: 34 | BB72: 33 | BC72: 34 | BD72: 34 | BE72: 34 | BF72: 34 | BG72: 33 | BH72: 34 | BI72: 34 | BJ72: 33 | BK72: 33 | BL72: 34 | BM72: 34 | BN72: 33 | BO72: 33 | BP72: 33 | BQ72: 33 | BR72: 33 | BS72: 33 | BT72: 34 | BU72: 33 | BV72: 33 | BW72: 33 | BX72: 33 | BY72: 33 | BZ72: 33 | CA72: 33.5 | CB72: 33 | CC72: 2.1834472 | CD72: 0.06517753 | CE72: 31 | CF72: 41 | CG72: 10 | CH72: -8 | CI72: 8
A73: 77 | B73: 46091 | C73: szeretlekmagyarorszag.hu | D73: 23092822-2-43 | E73: 23092822 5812 113 01 | F73: 58.12 | G73: Napilapkiadás | H73: 58.1 | I73: Könyv-, napilapkiadás, egyéb kiadói tevékenység (kivéve: szoftverkiadás) | J73: 58 | K73: Kiadói tevékenység | L73: J | M73: KIADÓI TEVÉKENYSÉG, MŰSORSZOLGÁLTATÁS, TARTALOMSZOLGÁLTATÁS ÉS -TERJESZTÉS | N73: 113 | O73: Korlátolt felelősségű társaság | P73: 11 | Q73: Gazdasági társaság | R73: 1 | S73: Jogi személyiségű vállalkozás | T73: 1 | U73: Budapest | V73: 11 | W73: Budapest | X73: 1 | Y73: Közép-Magyarország | Z73: 2010 | AA73: 7 | AB73: 203160000 | AC73: 22 | AD73: 5-9 | AE73: 3 | AF73: 51 - 300 | AG73: 2006 - 2010 | AH73: mikrovállalkozás | AI73: 15 | AJ73: 14 | AK73: 14 | AL73: 15 | AM73: 14 | AN73: 14 | AO73: 13 | AP73: 14 | AQ73: 14 | AR73: 14 | AS73: 15 | AT73: 13 | AU73: 13 | AV73: 14 | AW73: 13 | AX73: 14 | AY73: 14 | AZ73: 13 | BA73: 13 | BB73: 14 | BC73: 13 | BD73: 13 | BE73: 13 | BF73: 15 | BG73: 13 | BH73: 13 | BI73: 13 | BJ73: 13 | BK73: 13 | BL73: 13 | BM73: 13 | BN73: 13 | BO73: 13 | BP73: 13 | BQ73: 12 | BR73: 12 | BS73: 12 | BT73: 12 | BU73: 12 | BV73: 13 | BW73: 12 | BX73: 12 | BY73: 13 | BZ73: 18 | CA73: 13.386364 | CB73: 13 | CC73: 1.1042394 | CD73: 0.082489869 | CE73: 12 | CF73: 18 | CG73: 6 | CH73: 3 | CI73: 3
A74: 78 | B74: 46209 | C74: kisalfold.hu | D74: 24785725-2-44 | E74: 24785725 5812 114 01 | F74: 58.12 | G74: Napilapkiadás | H74: 58.1 | I74: Könyv-, napilapkiadás, egyéb kiadói tevékenység (kivéve: szoftverkiadás) | J74: 58 | K74: Kiadói tevékenység | L74: J | M74: KIADÓI TEVÉKENYSÉG, MŰSORSZOLGÁLTATÁS, TARTALOMSZOLGÁLTATÁS ÉS -TERJESZTÉS | N74: 114 | O74: Részvénytársaság | P74: 11 | Q74: Gazdasági társaság | R74: 1 | S74: Jogi személyiségű vállalkozás | T74: 1 | U74: Budapest | V74: 11 | W74: Budapest | X74: 1 | Y74: Közép-Magyarország | Z74: 2013 | AA74: 1974 | AB74: 57098150000 | AC74: 93 | AD74: 1000-1999 | AE74: C | AF74: 10001 - | AG74: 2011 - 2015 | AH74: nagyvállalat | AI74: 81 | AJ74: 81 | AK74: 79 | AL74: 80 | AM74: 80 | AN74: 80 | AO74: 80 | AP74: 80 | AQ74: 71 | AR74: 71 | AS74: 71 | AT74: 71 | AU74: 71 | AV74: 71 | AW74: 71 | AX74: 71 | AY74: 71 | AZ74: 71 | BA74: 71 | BB74: 71 | BC74: 71 | BD74: 71 | BE74: 71 | BF74: 71 | BG74: 36 | BH74: 34 | BI74: 34 | BJ74: 34 | BK74: 33 | BL74: 33 | BM74: 32 | BN74: 33 | BO74: 33 | BP74: 33 | BQ74: 32 | BR74: 32 | BS74: 32 | BT74: 33 | BU74: 33 | BV74: 36 | BW74: 36 | BX74: 35 | BY74: 35 | BZ74: 36 | CA74: 55.727273 | CB74: 71 | CC74: 20.571332 | CD74: 0.36914299 | CE74: 32 | CF74: 81 | CG74: 49 | CH74: -45 | CI74: 45
A75: 79 | B75: 46484 | C75: agroinform.hu | D75: 26351409-2-42 | E75: 26351409 7311 113 01 | F75: 73.11 | G75: Reklámügynöki tevékenység | H75: 73.1 | I75: Reklám | J75: 73 | K75: Reklám, piackutatás, PR-tevékenység | L75: N | M75: SZAKMAI, TUDOMÁNYOS, MŰSZAKI TEVÉKENYSÉG | N75: 113 | O75: Korlátolt felelősségű társaság | P75: 11 | Q75: Gazdasági társaság | R75: 1 | S75: Jogi személyiségű vállalkozás | T75: 1 | U75: Budapest | V75: 11 | W75: Budapest | X75: 1 | Y75: Közép-Magyarország | Z75: 2018 | AA75: 22 | AB75: 759140000 | AC75: 40 | AD75: 20-49 | AE75: 6 | AF75: 701 - 1000 | AG75: 2016 - 2020 | AH75: kisvállalkozás | AI75: 210 | AJ75: 198 | AK75: 200 | AL75: 206 | AM75: 204 | AN75: 205 | AO75: 207 | AP75: 207 | AQ75: 212 | AR75: 211 | AS75: 209 | AT75: 209 | AU75: 210 | AV75: 212 | AW75: 214 | AX75: 209 | AY75: 214 | AZ75: 213 | BA75: 212 | BB75: 207 | BC75: 207 | BD75: 212 | BE75: 210 | BF75: 205 | BG75: 209 | BH75: 215 | BI75: 227 | BJ75: 218 | BK75: 219 | BL75: 217 | BM75: 219 | BN75: 221 | BO75: 224 | BP75: 222 | BQ75: 222 | BR75: 223 | BS75: 228 | BT75: 227 | BU75: 231 | BV75: 227 | BW75: 224 | BX75: 231 | BY75: 232 | BZ75: 235 | CA75: 215.31818 | CB75: 212.5 | CC75: 9.2151865 | CD75: 0.042797995 | CE75: 198 | CF75: 235 | CG75: 37 | CH75: 25 | CI75: 25
A76: 80 | B76: 46723 | C76: agrarszektor.hu | D76: 12527052-2-41 | E76: 12527052 6039 114 01 | F76: 60.39 | G76: Egyéb tartalomterjesztési tevékenység | H76: 60.3 | I76: Hírügynökségi és egyéb tartalomterjesztési tevékenység | J76: 60 | K76: Műsor-összeállítás, műsorszolgáltatás, hírügynökségi és egyéb tartalomterjesztési tevékenység | L76: J | M76: KIADÓI TEVÉKENYSÉG, MŰSORSZOLGÁLTATÁS, TARTALOMSZOLGÁLTATÁS ÉS -TERJESZTÉS | N76: 114 | O76: Részvénytársaság | P76: 11 | Q76: Gazdasági társaság | R76: 1 | S76: Jogi személyiségű vállalkozás | T76: 1 | U76: Budapest | V76: 11 | W76: Budapest | X76: 1 | Y76: Közép-Magyarország | Z76: 2000 | AA76: 89 | AB76: 4394160000 | AC76: 50 | AD76: 50-99 | AE76: A | AF76: 4001 - 7000 | AG76: 1996 - 2000 | AH76: középvállalkozás | AI76: 141 | AJ76: 138 | AK76: 139 | AL76: 140 | AM76: 140 | AN76: 137 | AO76: 142 | AP76: 145 | AQ76: 120 | AR76: 126 | AS76: 129 | AT76: 125 | AU76: 125 | AV76: 128 | AW76: 124 | AX76: 123 | AY76: 125 | AZ76: 125 | BA76: 128 | BB76: 123 | BC76: 122 | BD76: 124 | BE76: 122 | BF76: 123 | BG76: 122 | BH76: 125 | BI76: 124 | BJ76: 132 | BK76: 132 | BL76: 125 | BM76: 122 | BN76: 120 | BO76: 126 | BP76: 119 | BQ76: 124 | BR76: 128 | BS76: 121 | BT76: 125 | BU76: 127 | BV76: 124 | BW76: 138 | BX76: 131 | BY76: 125 | BZ76: 128 | CA76: 128 | CB76: 125 | CC76: 6.860741 | CD76: 0.053599539 | CE76: 119 | CF76: 145 | CG76: 26 | CH76: -13 | CI76: 13
A77: 81 | B77: 47038 | C77: myonlineradio.hu | D77: 26278823-2-41 | E77: 26278823 6210 113 01 | F77: 62.1 | G77: Számítógépes programozás | H77: 62.1 | I77: Számítógépes programozás | J77: 62 | K77: Információtechnológiai szolgáltatás | L77: K | M77: TÁVKÖZLÉS, SZÁMÍTÓGÉPES PROGRAMOZÁS, INFORMÁCIÓTECHNOLÓGIAI SZAKTANÁCSADÁS, SZÁMÍTÁSTECHNIKAI INFRASTRUKTÚRA ÉS EGYÉB INFORMÁCIÓS SZOLGÁLTATÁSOK | N77: 113 | O77: Korlátolt felelősségű társaság | P77: 11 | Q77: Gazdasági társaság | R77: 1 | S77: Jogi személyiségű vállalkozás | T77: 1 | U77: Budapest | V77: 11 | W77: Budapest | X77: 1 | Y77: Közép-Magyarország | Z77: 2018 | AA77: 5 | AB77: 333220000 | AC77: 22 | AD77: 5-9 | AE77: 4 | AF77: 301 - 500 | AG77: 2016 - 2020 | AH77: mikrovállalkozás | AI77: 0 | AJ77: 0 | AK77: 0 | AL77: 0 | AM77: 0 | AN77: 0 | AO77: 0 | AP77: 0 | AQ77: 0 | AR77: 0 | AS77: 0 | AT77: 0 | AU77: 0 | AV77: 0 | AW77: 0 | AX77: 0 | AY77: 0 | AZ77: 0 | BA77: 0 | BB77: 0 | BC77: 0 | BD77: 0 | BE77: 0 | BF77: 0 | BG77: 0 | BH77: 0 | BI77: 0 | BJ77: 0 | BK77: 6 | BL77: 0 | BM77: 0 | BN77: 0 | BO77: 0 | BP77: 0 | BQ77: 0 | BR77: 0 | BS77: 0 | BT77: 0 | BU77: 0 | BV77: 0 | BW77: 0 | BX77: 0 | BY77: 0 | BZ77: 0 | CA77: 0.13636364 | CB77: 0 | CC77: 0.90453403 | CD77: 6.6332496 | CE77: 0 | CF77: 6 | CG77: 6 | CH77: 0 | CI77: 0
A78: 82 | B78: 47334 | C78: boon.hu | D78: 24785725-2-44 | E78: 24785725 5812 114 01 | F78: 58.12 | G78: Napilapkiadás | H78: 58.1 | I78: Könyv-, napilapkiadás, egyéb kiadói tevékenység (kivéve: szoftverkiadás) | J78: 58 | K78: Kiadói tevékenység | L78: J | M78: KIADÓI TEVÉKENYSÉG, MŰSORSZOLGÁLTATÁS, TARTALOMSZOLGÁLTATÁS ÉS -TERJESZTÉS | N78: 114 | O78: Részvénytársaság | P78: 11 | Q78: Gazdasági társaság | R78: 1 | S78: Jogi személyiségű vállalkozás | T78: 1 | U78: Budapest | V78: 11 | W78: Budapest | X78: 1 | Y78: Közép-Magyarország | Z78: 2013 | AA78: 1974 | AB78: 57098150000 | AC78: 93 | AD78: 1000-1999 | AE78: C | AF78: 10001 - | AG78: 2011 - 2015 | AH78: nagyvállalat | AI78: 81 | AJ78: 81 | AK78: 80 | AL78: 80 | AM78: 80 | AN78: 80 | AO78: 80 | AP78: 80 | AQ78: 71 | AR78: 71 | AS78: 71 | AT78: 71 | AU78: 71 | AV78: 71 | AW78: 71 | AX78: 71 | AY78: 71 | AZ78: 71 | BA78: 71 | BB78: 71 | BC78: 71 | BD78: 71 | BE78: 71 | BF78: 71 | BG78: 23 | BH78: 23 | BI78: 22 | BJ78: 23 | BK78: 23 | BL78: 23 | BM78: 23 | BN78: 23 | BO78: 23 | BP78: 23 | BQ78: 23 | BR78: 23 | BS78: 23 | BT78: 23 | BU78: 22 | BV78: 25 | BW78: 25 | BX78: 24 | BY78: 24 | BZ78: 25 | CA78: 51 | CB78: 71 | CC78: 25.792553 | CD78: 0.50573634 | CE78: 22 | CF78: 81 | CG78: 59 | CH78: -56 | CI78: 56
A79: 83 | B79: 47477 | C79: hirkereso.hu | D79: 11884958-2-13 | E79: 11884958 6210 113 13 | F79: 62.1 | G79: Számítógépes programozás | H79: 62.1 | I79: Számítógépes programozás | J79: 62 | K79: Információtechnológiai szolgáltatás | L79: K | M79: TÁVKÖZLÉS, SZÁMÍTÓGÉPES PROGRAMOZÁS, INFORMÁCIÓTECHNOLÓGIAI SZAKTANÁCSADÁS, SZÁMÍTÁSTECHNIKAI INFRASTRUKTÚRA ÉS EGYÉB INFORMÁCIÓS SZOLGÁLTATÁSOK | N79: 113 | O79: Korlátolt felelősségű társaság | P79: 11 | Q79: Gazdasági társaság | R79: 1 | S79: Jogi személyiségű vállalkozás | T79: 13 | U79: Pest | V79: 12 | W79: Pest | X79: 1 | Y79: Közép-Magyarország | Z79: 1999 | AA79: 1 | AB79: 531700000 | AC79: 11 | AD79: 1 | AE79: 5 | AF79: 501 - 700 | AG79: 1996 - 2000 | AH79: mikrovállalkozás | AI79: 21 | AJ79: 21 | AK79: 21 | AL79: 21 | AM79: 21 | AN79: 21 | AO79: 21 | AP79: 21 | AQ79: 21 | AR79: 21 | AS79: 21 | AT79: 21 | AU79: 21 | AV79: 21 | AW79: 21 | AX79: 21 | AY79: 21 | AZ79: 21 | BA79: 21 | BB79: 21 | BC79: 21 | BD79: 21 | BE79: 21 | BF79: 21 | BG79: 21 | BH79: 21 | BI79: 21 | BJ79: 21 | BK79: 21 | BL79: 21 | BM79: 21 | BN79: 21 | BO79: 21 | BP79: 21 | BQ79: 21 | BR79: 21 | BS79: 21 | BT79: 21 | BU79: 21 | BV79: 21 | BW79: 21 | BX79: 21 | BY79: 21 | BZ79: 21 | CA79: 21 | CB79: 21 | CC79: 0 | CD79: 0 | CE79: 21 | CF79: 21 | CG79: 0 | CH79: 0 | CI79: 0
A80: 84 | B80: 47524 | C80: haon.hu | D80: 24785725-2-44 | E80: 24785725 5812 114 01 | F80: 58.12 | G80: Napilapkiadás | H80: 58.1 | I80: Könyv-, napilapkiadás, egyéb kiadói tevékenység (kivéve: szoftverkiadás) | J80: 58 | K80: Kiadói tevékenység | L80: J | M80: KIADÓI TEVÉKENYSÉG, MŰSORSZOLGÁLTATÁS, TARTALOMSZOLGÁLTATÁS ÉS -TERJESZTÉS | N80: 114 | O80: Részvénytársaság | P80: 11 | Q80: Gazdasági társaság | R80: 1 | S80: Jogi személyiségű vállalkozás | T80: 1 | U80: Budapest | V80: 11 | W80: Budapest | X80: 1 | Y80: Közép-Magyarország | Z80: 2013 | AA80: 1974 | AB80: 57098150000 | AC80: 93 | AD80: 1000-1999 | AE80: C | AF80: 10001 - | AG80: 2011 - 2015 | AH80: nagyvállalat | AI80: 82 | AJ80: 82 | AK80: 80 | AL80: 81 | AM80: 81 | AN80: 81 | AO80: 81 | AP80: 81 | AQ80: 72 | AR80: 72 | AS80: 72 | AT80: 73 | AU80: 72 | AV80: 72 | AW80: 72 | AX80: 72 | AY80: 72 | AZ80: 72 | BA80: 72 | BB80: 72 | BC80: 72 | BD80: 72 | BE80: 72 | BF80: 72 | BG80: 33 | BH80: 33 | BI80: 32 | BJ80: 32 | BK80: 30 | BL80: 30 | BM80: 29 | BN80: 30 | BO80: 29 | BP80: 32 | BQ80: 31 | BR80: 29 | BS80: 29 | BT80: 32 | BU80: 31 | BV80: 34 | BW80: 33 | BX80: 33 | BY80: 33 | BZ80: 34 | CA80: 55.25 | CB80: 72 | CC80: 22.23984 | CD80: 0.40253103 | CE80: 29 | CF80: 82 | CG80: 53 | CH80: -48 | CI80: 48
A81: 85 | B81: 47718 | C81: prohardver.hu | D81: 12919709-2-41 | E81: 12919709 5813 113 01 | F81: 58.13 | G81: Folyóirat, időszaki kiadvány kiadása | H81: 58.1 | I81: Könyv-, napilapkiadás, egyéb kiadói tevékenység (kivéve: szoftverkiadás) | J81: 58 | K81: Kiadói tevékenység | L81: J | M81: KIADÓI TEVÉKENYSÉG, MŰSORSZOLGÁLTATÁS, TARTALOMSZOLGÁLTATÁS ÉS -TERJESZTÉS | N81: 113 | O81: Korlátolt felelősségű társaság | P81: 11 | Q81: Gazdasági társaság | R81: 1 | S81: Jogi személyiségű vállalkozás | T81: 1 | U81: Budapest | V81: 11 | W81: Budapest | X81: 1 | Y81: Közép-Magyarország | Z81: 2002 | AA81: 4 | AB81: 133410000 | AC81: 15 | AD81: 3-4 | AE81: 3 | AF81: 51 - 300 | AG81: 2001 - 2005 | AH81: mikrovállalkozás | AI81: 114 | AJ81: 115 | AK81: 112 | AL81: 112 | AM81: 111 | AN81: 112 | AO81: 112 | AP81: 111 | AQ81: 0 | AR81: 119 | AS81: 118 | AT81: 117 | AU81: 117 | AV81: 116 | AW81: 117 | AX81: 114 | AY81: 113 | AZ81: 114 | BA81: 113 | BB81: 112 | BC81: 114 | BD81: 111 | BE81: 113 | BF81: 112 | BG81: 86 | BH81: 113 | BI81: 112 | BJ81: 87 | BK81: 112 | BL81: 115 | BM81: 86 | BN81: 88 | BO81: 86 | BP81: 88 | BQ81: 86 | BR81: 86 | BS81: 86 | BT81: 86 | BU81: 85 | BV81: 86 | BW81: 90 | BX81: 114 | BY81: 114 | BZ81: 111 | CA81: 103.09091 | CB81: 112 | CC81: 20.274647 | CD81: 0.19666765 | CE81: 0 | CF81: 119 | CG81: 119 | CH81: -3 | CI81: 3
A82: 86 | B82: 48038 | C82: vezess.hu | D82: 25087910-2-41 | E82: 25087910 5813 114 01 | F82: 58.13 | G82: Folyóirat, időszaki kiadvány kiadása | H82: 58.1 | I82: Könyv-, napilapkiadás, egyéb kiadói tevékenység (kivéve: szoftverkiadás) | J82: 58 | K82: Kiadói tevékenység | L82: J | M82: KIADÓI TEVÉKENYSÉG, MŰSORSZOLGÁLTATÁS, TARTALOMSZOLGÁLTATÁS ÉS -TERJESZTÉS | N82: 114 | O82: Részvénytársaság | P82: 11 | Q82: Gazdasági társaság | R82: 1 | S82: Jogi személyiségű vállalkozás | T82: 1 | U82: Budapest | V82: 11 | W82: Budapest | X82: 1 | Y82: Közép-Magyarország | Z82: 2014 | AA82: 409 | AB82: 14254790000 | AC82: 82 | AD82: 300-499 | AE82: C | AF82: 10001 - | AG82: 2011 - 2015 | AH82: nagyvállalat | AI82: 87 | AJ82: 85 | AK82: 85 | AL82: 85 | AM82: 84 | AN82: 84 | AO82: 84 | AP82: 84 | AQ82: 85 | AR82: 87 | AS82: 87 | AT82: 85 | AU82: 85 | AV82: 84 | AW82: 83 | AX82: 83 | AY82: 87 | AZ82: 87 | BA82: 83 | BB82: 82 | BC82: 82 | BD82: 84 | BE82: 81 | BF82: 80 | BG82: 81 | BH82: 80 | BI82: 79 | BJ82: 81 | BK82: 80 | BL82: 81 | BM82: 79 | BN82: 79 | BO82: 80 | BP82: 79 | BQ82: 80 | BR82: 79 | BS82: 79 | BT82: 79 | BU82: 79 | BV82: 81 | BW82: 80 | BX82: 79 | BY82: 81 | BZ82: 79 | CA82: 82.227273 | CB82: 81.5 | CC82: 2.7438187 | CD82: 0.033368719 | CE82: 79 | CF82: 87 | CG82: 8 | CH82: -8 | CI82: 8
A83: 87 | B83: 48104 | C83: webbeteg.hu | D83: 23981306-2-09 | E83: 23981306 6039 113 09 | F83: 60.39 | G83: Egyéb tartalomterjesztési tevékenység | H83: 60.3 | I83: Hírügynökségi és egyéb tartalomterjesztési tevékenység | J83: 60 | K83: Műsor-összeállítás, műsorszolgáltatás, hírügynökségi és egyéb tartalomterjesztési tevékenység | L83: J | M83: KIADÓI TEVÉKENYSÉG, MŰSORSZOLGÁLTATÁS, TARTALOMSZOLGÁLTATÁS ÉS -TERJESZTÉS | N83: 113 | O83: Korlátolt felelősségű társaság | P83: 11 | Q83: Gazdasági társaság | R83: 1 | S83: Jogi személyiségű vállalkozás | T83: 9 | U83: Hajdú-Bihar | V83: 60 | W83: Észak-Alföld | X83: 3 | Y83: Alföld és Észak | Z83: 2012 | AA83: 6 | AB83: 77960000 | AC83: 22 | AD83: 5-9 | AE83: 3 | AF83: 51 - 300 | AG83: 2011 - 2015 | AH83: mikrovállalkozás | AI83: 52 | AJ83: 51 | AK83: 51 | AL83: 51 | AM83: 49 | AN83: 49 | AO83: 51 | AP83: 50 | AQ83: 50 | AR83: 51 | AS83: 49 | AT83: 49 | AU83: 51 | AV83: 51 | AW83: 53 | AX83: 53 | AY83: 51 | AZ83: 51 | BA83: 51 | BB83: 51 | BC83: 50 | BD83: 52 | BE83: 61 | BF83: 61 | BG83: 60 | BH83: 61 | BI83: 51 | BJ83: 53 | BK83: 53 | BL83: 45 | BM83: 45 | BN83: 41 | BO83: 41 | BP83: 41 | BQ83: 42 | BR83: 49 | BS83: 49 | BT83: 48 | BU83: 49 | BV83: 40 | BW83: 41 | BX83: 41 | BY83: 42 | BZ83: 42 | CA83: 49.386364 | CB83: 50.5 | CC83: 5.4140898 | CD83: 0.10962722 | CE83: 40 | CF83: 61 | CG83: 21 | CH83: -10 | CI83: 10
A84: 88 | B84: 48309 | C84: mfor.hu | D84: 12500442-2-41 | E84: 12500442 6039 113 01 | F84: 60.39 | G84: Egyéb tartalomterjesztési tevékenység | H84: 60.3 | I84: Hírügynökségi és egyéb tartalomterjesztési tevékenység | J84: 60 | K84: Műsor-összeállítás, műsorszolgáltatás, hírügynökségi és egyéb tartalomterjesztési tevékenység | L84: J | M84: KIADÓI TEVÉKENYSÉG, MŰSORSZOLGÁLTATÁS, TARTALOMSZOLGÁLTATÁS ÉS -TERJESZTÉS | N84: 113 | O84: Korlátolt felelősségű társaság | P84: 11 | Q84: Gazdasági társaság | R84: 1 | S84: Jogi személyiségű vállalkozás | T84: 1 | U84: Budapest | V84: 11 | W84: Budapest | X84: 1 | Y84: Közép-Magyarország | Z84: 2000 | AA84: 8 | AB84: 82170000 | AC84: 22 | AD84: 5-9 | AE84: 3 | AF84: 51 - 300 | AG84: 1996 - 2000 | AH84: mikrovállalkozás | AI84: 93 | AJ84: 93 | AK84: 93 | AL84: 93 | AM84: 93 | AN84: 93 | AO84: 93 | AP84: 93 | AQ84: 93 | AR84: 93 | AS84: 93 | AT84: 93 | AU84: 93 | AV84: 94 | AW84: 93 | AX84: 94 | AY84: 94 | AZ84: 94 | BA84: 94 | BB84: 94 | BC84: 93 | BD84: 94 | BE84: 93 | BF84: 93 | BG84: 93 | BH84: 93 | BI84: 93 | BJ84: 93 | BK84: 93 | BL84: 93 | BM84: 93 | BN84: 93 | BO84: 93 | BP84: 93 | BQ84: 93 | BR84: 93 | BS84: 93 | BT84: 92 | BU84: 92 | BV84: 85 | BW84: 85 | BX84: 90 | BY84: 90 | BZ84: 90 | CA84: 92.545455 | CB84: 93 | CC84: 1.898035 | CD84: 0.020509219 | CE84: 85 | CF84: 94 | CG84: 9 | CH84: -3 | CI84: 3
... A90: 94 | B90: 49897 | C90: vaol.hu | D90: 24785725-2-44 | E90: 24785725 5812 114 01 | F90: 58.12 | G90: Napilapkiadás | H90: 58.1 | I90: Könyv-, napilapkiadás, egyéb kiadói tevékenység (kivéve: szoftverkiadás) | J90: 58 | K90: Kiadói tevékenység | L90: J | M90: KIADÓI TEVÉKENYSÉG, MŰSORSZOLGÁLTATÁS, TARTALOMSZOLGÁLTATÁS ÉS -TERJESZTÉS | N90: 114 | O90: Részvénytársaság | P90: 11 | Q90: Gazdasági társaság | R90: 1 | S90: Jogi személyiségű vállalkozás | T90: 1 | U90: Budapest | V90: 11 | W90: Budapest | X90: 1 | Y90: Közép-Magyarország | Z90: 2013 | AA90: 1974 | AB90: 57098150000 | AC90: 93 | AD90: 1000-1999 | AE90: C | AF90: 10001 - | AG90: 2011 - 2015 | AH90: nagyvállalat | AI90: 82 | AJ90: 82 | AK90: 80 | AL90: 6 | AM90: 81 | AN90: 81 | AO90: 81 | AP90: 81 | AQ90: 72 | AR90: 72 | AS90: 72 | AT90: 73 | AU90: 72 | AV90: 72 | AW90: 72 | AX90: 72 | AY90: 72 | AZ90: 72 | BA90: 72 | BB90: 72 | BC90: 72 | BD90: 72 | BE90: 72 | BF90: 72 | BG90: 22 | BH90: 22 | BI90: 23 | BJ90: 23 | BK90: 23 | BL90: 23 | BM90: 23 | BN90: 23 | BO90: 23 | BP90: 23 | BQ90: 23 | BR90: 23 | BS90: 22 | BT90: 24 | BU90: 25 | BV90: 26 | BW90: 25 | BX90: 24 | BY90: 24 | BZ90: 25 | CA90: 49.909091 | CB90: 72 | CC90: 26.692755 | CD90: 0.53482751 | CE90: 6 | CF90: 82 | CG90: 76 | CH90: -57 | CI90: 57
A91: 95 | B91: 50179 | C91: hang.hu | D91: 32874978-2-43 | E91: 32874978 6031 113 01 | F91: 60.31 | G91: Hírügynökségi tevékenység | H91: 60.3 | I91: Hírügynökségi és egyéb tartalomterjesztési tevékenység | J91: 60 | K91: Műsor-összeállítás, műsorszolgáltatás, hírügynökségi és egyéb tartalomterjesztési tevékenység | L91: J | M91: KIADÓI TEVÉKENYSÉG, MŰSORSZOLGÁLTATÁS, TARTALOMSZOLGÁLTATÁS ÉS -TERJESZTÉS | N91: 113 | O91: Korlátolt felelősségű társaság | P91: 11 | Q91: Gazdasági társaság | R91: 1 | S91: Jogi személyiségű vállalkozás | T91: 1 | U91: Budapest | V91: 11 | W91: Budapest | X91: 1 | Y91: Közép-Magyarország | Z91: 2025 | AA91: 17 | AC91: 30 | AD91: 10-19 | AE91: 0 | AF91: ismeretlen | AG91: 2021 - 2025 | AI91: 85 | AJ91: 85 | AK91: 85 | AL91: 85 | AM91: 85 | AN91: 85 | AO91: 85 | AP91: 85 | AQ91: 85 | AR91: 85 | AS91: 85 | AT91: 85 | AU91: 85 | AV91: 85 | AW91: 85 | AX91: 85 | AY91: 85 | AZ91: 85 | BA91: 85 | BB91: 85 | BC91: 85 | BD91: 80 | BE91: 85 | BF91: 85 | BG91: 80 | BH91: 85 | BI91: 85 | BJ91: 85 | BK91: 85 | BL91: 85 | BM91: 85 | BN91: 85 | BO91: 85 | BP91: 80 | BQ91: 80 | BR91: 85 | BS91: 85 | BT91: 85 | BU91: 85 | BV91: 80 | BW91: 85 | BX91: 85 | BY91: 82 | BZ91: 85 | CA91: 84.363636 | CB91: 85 | CC91: 1.6437466 | CD91: 0.019484065 | CE91: 80 | CF91: 85 | CG91: 5 | CH91: 0 | CI91: 0
A92: 96 | B92: 50320 | C92: szoljon.hu | D92: 24785725-2-44 | E92: 24785725 5812 114 01 | F92: 58.12 | G92: Napilapkiadás | H92: 58.1 | I92: Könyv-, napilapkiadás, egyéb kiadói tevékenység (kivéve: szoftverkiadás) | J92: 58 | K92: Kiadói tevékenység | L92: J | M92: KIADÓI TEVÉKENYSÉG, MŰSORSZOLGÁLTATÁS, TARTALOMSZOLGÁLTATÁS ÉS -TERJESZTÉS | N92: 114 | O92: Részvénytársaság | P92: 11 | Q92: Gazdasági társaság | R92: 1 | S92: Jogi személyiségű vállalkozás | T92: 1 | U92: Budapest | V92: 11 | W92: Budapest | X92: 1 | Y92: Közép-Magyarország | Z92: 2013 | AA92: 1974 | AB92: 57098150000 | AC92: 93 | AD92: 1000-1999 | AE92: C | AF92: 10001 - | AG92: 2011 - 2015 | AH92: nagyvállalat | AI92: 80 | AJ92: 79 | AK92: 77 | AL92: 78 | AM92: 78 | AN92: 78 | AO92: 78 | AP92: 78 | AQ92: 69 | AR92: 69 | AS92: 69 | AT92: 70 | AU92: 69 | AV92: 69 | AW92: 69 | AX92: 69 | AY92: 69 | AZ92: 69 | BA92: 69 | BB92: 69 | BC92: 69 | BD92: 69 | BE92: 69 | BF92: 69 | BG92: 33 | BH92: 33 | BI92: 36 | BJ92: 36 | BK92: 35 | BL92: 34 | BM92: 33 | BN92: 34 | BO92: 33 | BP92: 33 | BQ92: 32 | BR92: 32 | BS92: 31 | BT92: 34 | BU92: 34 | BV92: 37 | BW92: 36 | BX92: 35 | BY92: 35 | BZ92: 36 | CA92: 54.840909 | CB92: 69 | CC92: 19.457698 | CD92: 0.35480261 | CE92: 31 | CF92: 80 | CG92: 49 | CH92: -44 | CI92: 44
A93: 97 | B93: 50554 | C93: femcafe.hu | D93: 23522154-2-41 | E93: 23522154 5819 113 01 | F93: 58.19 | G93: Egyéb kiadói tevékenység (kivéve: szoftverkiadás) | H93: 58.1 | I93: Könyv-, napilapkiadás, egyéb kiadói tevékenység (kivéve: szoftverkiadás) | J93: 58 | K93: Kiadói tevékenység | L93: J | M93: KIADÓI TEVÉKENYSÉG, MŰSORSZOLGÁLTATÁS, TARTALOMSZOLGÁLTATÁS ÉS -TERJESZTÉS | N93: 113 | O93: Korlátolt felelősségű társaság | P93: 11 | Q93: Gazdasági társaság | R93: 1 | S93: Jogi személyiségű vállalkozás | T93: 1 | U93: Budapest | V93: 11 | W93: Budapest | X93: 1 | Y93: Közép-Magyarország | Z93: 2011 | AA93: 16 | AB93: 4465620000 | AC93: 30 | AD93: 10-19 | AE93: A | AF93: 4001 - 7000 | AG93: 2011 - 2015 | AH93: középvállalkozás | AI93: 53 | AJ93: 53 | AK93: 30 | AL93: 50 | AM93: 46 | AN93: 50 | AO93: 51 | AP93: 52 | AQ93: 52 | AR93: 51 | AS93: 31 | AT93: 32 | AU93: 52 | AV93: 53 | AW93: 53 | AX93: 52 | AY93: 52 | AZ93: 52 | BA93: 52 | BB93: 52 | BC93: 53 | BD93: 52 | BE93: 52 | BF93: 52 | BG93: 53 | BH93: 53 | BI93: 53 | BJ93: 53 | BK93: 52 | BL93: 53 | BM93: 52 | BN93: 51 | BO93: 52 | BP93: 52 | BQ93: 53 | BR93: 52 | BS93: 53 | BT93: 53 | BU93: 53 | BV93: 53 | BW93: 52 | BX93: 52 | BY93: 52 | BZ93: 52 | CA93: 50.613636 | CB93: 52 | CC93: 5.5035545 | CD93: 0.1087366 | CE93: 30 | CF93: 53 | CG93: 23 | CH93: -1 | CI93: 1
A94: 98 | B94: 50937 | C94: heol.hu | D94: 24785725-2-44 | E94: 24785725 5812 114 01 | F94: 58.12 | G94: Napilapkiadás | H94: 58.1 | I94: Könyv-, napilapkiadás, egyéb kiadói tevékenység (kivéve: szoftverkiadás) | J94: 58 | K94: Kiadói tevékenység | L94: J | M94: KIADÓI TEVÉKENYSÉG, MŰSORSZOLGÁLTATÁS, TARTALOMSZOLGÁLTATÁS ÉS -TERJESZTÉS | N94: 114 | O94: Részvénytársaság | P94: 11 | Q94: Gazdasági társaság | R94: 1 | S94: Jogi személyiségű vállalkozás | T94: 1 | U94: Budapest | V94: 11 | W94: Budapest | X94: 1 | Y94: Közép-Magyarország | Z94: 2013 | AA94: 1974 | AB94: 57098150000 | AC94: 93 | AD94: 1000-1999 | AE94: C | AF94: 10001 - | AG94: 2011 - 2015 | AH94: nagyvállalat | AI94: 82 | AJ94: 82 | AK94: 80 | AL94: 81 | AM94: 81 | AN94: 81 | AO94: 81 | AP94: 81 | AQ94: 72 | AR94: 72 | AS94: 72 | AT94: 73 | AU94: 72 | AV94: 72 | AW94: 72 | AX94: 72 | AY94: 72 | AZ94: 72 | BA94: 72 | BB94: 72 | BC94: 72 | BD94: 72 | BE94: 72 | BF94: 72 | BG94: 23 | BH94: 23 | BI94: 22 | BJ94: 23 | BK94: 23 | BL94: 23 | BM94: 22 | BN94: 22 | BO94: 23 | BP94: 23 | BQ94: 23 | BR94: 23 | BS94: 22 | BT94: 23 | BU94: 22 | BV94: 25 | BW94: 25 | BX94: 24 | BY94: 24 | BZ94: 25 | CA94: 51.477273 | CB94: 72 | CC94: 26.36196 | CD94: 0.51210872 | CE94: 22 | CF94: 82 | CG94: 60 | CH94: -57 | CI94: 57
A95: 99 | B95: 51142 | C95: pestisracok.hu | D95: 24785725-2-44 | E95: 24785725 5812 114 01 | F95: 58.12 | G95: Napilapkiadás | H95: 58.1 | I95: Könyv-, napilapkiadás, egyéb kiadói tevékenység (kivéve: szoftverkiadás) | J95: 58 | K95: Kiadói tevékenység | L95: J | M95: KIADÓI TEVÉKENYSÉG, MŰSORSZOLGÁLTATÁS, TARTALOMSZOLGÁLTATÁS ÉS -TERJESZTÉS | N95: 114 | O95: Részvénytársaság | P95: 11 | Q95: Gazdasági társaság | R95: 1 | S95: Jogi személyiségű vállalkozás | T95: 1 | U95: Budapest | V95: 11 | W95: Budapest | X95: 1 | Y95: Közép-Magyarország | Z95: 2013 | AA95: 1974 | AB95: 57098150000 | AC95: 93 | AD95: 1000-1999 | AE95: C | AF95: 10001 - | AG95: 2011 - 2015 | AH95: nagyvállalat | AI95: 408 | AJ95: 408 | AK95: 83 | AL95: 50 | AM95: 56 | AN95: 54 | AO95: 58 | AP95: 57 | AQ95: 59 | AR95: 63 | AS95: 62 | AT95: 36 | AU95: 35 | AV95: 38 | AW95: 42 | AX95: 45 | AY95: 44 | AZ95: 43 | BA95: 45 | BB95: 45 | BC95: 49 | BD95: 48 | BE95: 46 | BF95: 39 | BG95: 46 | BH95: 47 | BI95: 43 | BJ95: 47 | BK95: 45 | BL95: 47 | BM95: 48 | BN95: 49 | BO95: 43 | BP95: 47 | BQ95: 49 | BR95: 47 | BS95: 43 | BT95: 44 | BU95: 47 | BV95: 42 | BW95: 48 | BX95: 45 | BY95: 41 | BZ95: 45 | CA95: 64.227273 | CB95: 47 | CC95: 76.323017 | CD95: 1.1883272 | CE95: 35 | CF95: 408 | CG95: 373 | CH95: -363 | CI95: 363
A96: 100 | B96: 52296 | C96: streetkitchen.hu | D96: 29308651-2-43 | E96: 29308651 7312 113 01 | F96: 73.12 | G96: Médiareklám | H96: 73.1 | I96: Reklám | J96: 73 | K96: Reklám, piackutatás, PR-tevékenység | L96: N | M96: SZAKMAI, TUDOMÁNYOS, MŰSZAKI TEVÉKENYSÉG | N96: 113 | O96: Korlátolt felelősségű társaság | P96: 11 | Q96: Gazdasági társaság | R96: 1 | S96: Jogi személyiségű vállalkozás | T96: 1 | U96: Budapest | V96: 11 | W96: Budapest | X96: 1 | Y96: Közép-Magyarország | Z96: 2021 | AA96: 2 | AB96: 629540000 | AC96: 12 | AD96: 2 | AE96: 5 | AF96: 501 - 700 | AG96: 2021 - 2025 | AH96: mikrovállalkozás | AI96: 255 | AJ96: 258 | AK96: 252 | AL96: 254 | AM96: 253 | AN96: 256 | AO96: 268 | AP96: 266 | AQ96: 261 | AR96: 258 | AS96: 251 | AT96: 257 | AU96: 251 | AV96: 254 | AW96: 41 | AX96: 43 | AY96: 43 | AZ96: 52 | BA96: 53 | BB96: 57 | BC96: 57 | BD96: 59 | BE96: 61 | BF96: 62 | BG96: 64 | BH96: 62 | BI96: 62 | BJ96: 62 | BK96: 64 | BL96: 64 | BM96: 64 | BN96: 62 | BO96: 62 | BP96: 64 | BQ96: 61 | BR96: 64 | BS96: 64 | BT96: 66 | BU96: 64 | BV96: 64 | BW96: 63 | BX96: 55 | BY96: 57 | BZ96: 57 | CA96: 121.97727 | CB96: 64 | CC96: 93.314046 | CD96: 0.76501174 | CE96: 41 | CF96: 268 | CG96: 227 | CH96: -198 | CI96: 198
A97: 101 | B97: 52883 | C97: ipon.hu | D97: 13392327-2-42 | E97: 13392327 4650 113 01 | F97: 46.5 | G97: Információtechnológiai, híradástechnikai termék nagykereskedelme | H97: 46.5 | I97: Információtechnológiai, híradástechnikai termék nagykereskedelme | J97: 46 | K97: Nagykereskedelem | L97: G | M97: KERESKEDELEM | N97: 113 | O97: Korlátolt felelősségű társaság | P97: 11 | Q97: Gazdasági társaság | R97: 1 | S97: Jogi személyiségű vállalkozás | T97: 1 | U97: Budapest | V97: 11 | W97: Budapest | X97: 1 | Y97: Közép-Magyarország | Z97: 2004 | AA97: 106 | AB97: 19563950000 | AC97: 61 | AD97: 100-149 | AE97: C | AF97: 10001 - | AG97: 2001 - 2005 | AH97: középvállalkozás | AI97: 38 | AJ97: 38 | AK97: 38 | AL97: 38 | AM97: 37 | AN97: 38 | AO97: 38 | AP97: 37 | AQ97: 37 | AR97: 37 | AS97: 37 | AT97: 38 | AU97: 38 | AV97: 38 | AW97: 38 | AX97: 38 | AY97: 38 | AZ97: 40 | BA97: 40 | BB97: 38 | BC97: 40 | BD97: 40 | BE97: 40 | BF97: 39 | BG97: 39 | BH97: 40 | BI97: 40 | BJ97: 40 | BK97: 40 | BL97: 39 | BM97: 39 | BN97: 39 | BO97: 42 | BP97: 37 | BQ97: 37 | BR97: 37 | BS97: 37 | BT97: 35 | BU97: 35 | BV97: 35 | BW97: 34 | BX97: 34 | BY97: 34 | BZ97: 34 | CA97: 37.840909 | CB97: 38 | CC97: 1.9040127 | CD97: 0.050316251 | CE97: 34 | CF97: 42 | CG97: 8 | CH97: -4 | CI97: 4
A98: 102 | B98: 52966 | C98: kapu.hu | D98: 11884958-2-13 | E98: 11884958 6210 113 13 | F98: 62.1 | G98: Számítógépes programozás | H98: 62.1 | I98: Számítógépes programozás | J98: 62 | K98: Információtechnológiai szolgáltatás | L98: K | M98: TÁVKÖZLÉS, SZÁMÍTÓGÉPES PROGRAMOZÁS, INFORMÁCIÓTECHNOLÓGIAI SZAKTANÁCSADÁS, SZÁMÍTÁSTECHNIKAI INFRASTRUKTÚRA ÉS EGYÉB INFORMÁCIÓS SZOLGÁLTATÁSOK | N98: 113 | O98: Korlátolt felelősségű társaság | P98: 11 | Q98: Gazdasági társaság | R98: 1 | S98: Jogi személyiségű vállalkozás | T98: 13 | U98: Pest | V98: 12 | W98: Pest | X98: 1 | Y98: Közép-Magyarország | Z98: 1999 | AA98: 1 | AB98: 531700000 | AC98: 11 | AD98: 1 | AE98: 5 | AF98: 501 - 700 | AG98: 1996 - 2000 | AH98: mikrovállalkozás | AI98: 22 | AJ98: 22 | AK98: 22 | AL98: 22 | AM98: 22 | AN98: 22 | AO98: 22 | AP98: 22 | AQ98: 22 | AR98: 22 | AS98: 22 | AT98: 22 | AU98: 24 | AV98: 24 | AW98: 24 | AX98: 24 | AY98: 23 | AZ98: 23 | BA98: 23 | BB98: 23 | BC98: 24 | BD98: 24 | BE98: 24 | BF98: 24 | BG98: 25 | BH98: 24 | BI98: 23 | BJ98: 23 | BK98: 23 | BL98: 23 | BM98: 23 | BN98: 24 | BO98: 24 | BP98: 24 | BQ98: 23 | BR98: 23 | BS98: 24 | BT98: 24 | BU98: 23 | BV98: 24 | BW98: 24 | BX98: 24 | BY98: 24 | BZ98: 24 | CA98: 23.204545 | CB98: 23 | CC98: 0.87814671 | CD98: 0.037843737 | CE98: 22 | CF98: 25 | CG98: 3 | CH98: 2 | CI98: 2
A99: 103 | B99: 53284 | C99: tv2play.hu | D99: 25771859-2-44 | E99: 25771859 6020 114 01 | F99: 60.2 | G99: Televízióműsor összeállítása, szolgáltatása, videótartalom-terjesztés | H99: 60.2 | I99: Televízióműsor összeállítása, szolgáltatása, videótartalom-terjesztés | J99: 60 | K99: Műsor-összeállítás, műsorszolgáltatás, hírügynökségi és egyéb tartalomterjesztési tevékenység | L99: J | M99: KIADÓI TEVÉKENYSÉG, MŰSORSZOLGÁLTATÁS, TARTALOMSZOLGÁLTATÁS ÉS -TERJESZTÉS | N99: 114 | O99: Részvénytársaság | P99: 11 | Q99: Gazdasági társaság | R99: 1 | S99: Jogi személyiségű vállalkozás | T99: 1 | U99: Budapest | V99: 11 | W99: Budapest | X99: 1 | Y99: Közép-Magyarország | Z99: 2016 | AA99: 377 | AB99: 56282310000 | AC99: 82 | AD99: 300-499 | AE99: C | AF99: 10001 - | AG99: 2016 - 2020 | AH99: nagyvállalat | AI99: 11 | AJ99: 11 | AK99: 11 | AL99: 11 | AM99: 11 | AN99: 11 | AO99: 8 | AP99: 8 | AQ99: 11 | AR99: 6 | AS99: 8 | AT99: 11 | AU99: 11 | AV99: 6 | AW99: 8 | AX99: 8 | AY99: 8 | AZ99: 8 | BA99: 8 | BB99: 8 | BC99: 8 | BD99: 8 | BE99: 5 | BF99: 8 | BG99: 8 | BH99: 5 | BI99: 3 | BJ99: 5 | BK99: 3 | BL99: 3 | BM99: 3 | BN99: 2 | BO99: 8 | BP99: 8 | BQ99: 8 | BR99: 9 | BS99: 11 | BT99: 5 | BU99: 3 | BV99: 3 | BW99: 5 | BX99: 8 | BY99: 8 | BZ99: 5 | CA99: 7.3863636 | CB99: 8 | CC99: 2.7383233 | CD99: 0.37072684 | CE99: 2 | CF99: 11 | CG99: 9 | CH99: -6 | CI99: 6
A100: 104 | B100: 53443 | C100: bien.hu | D100: 24994356-2-13 | E100: 24994356 6391 113 13 | F100: 63.91 | G100: Internetes keresőportállal kapcsolatos tevékenységek | H100: 63.9 | I100: Internetes keresőportállal kapcsolatos tevékenységek és egyéb információs szolgáltatás | J100: 63 | K100: Számítástechnikai infrastruktúra, adatfeldolgozás, tárhelyszolgáltatás és egyéb információs szolgáltatási tevékenységek | L100: K | M100: TÁVKÖZLÉS, SZÁMÍTÓGÉPES PROGRAMOZÁS, INFORMÁCIÓTECHNOLÓGIAI SZAKTANÁCSADÁS, SZÁMÍTÁSTECHNIKAI INFRASTRUKTÚRA ÉS EGYÉB INFORMÁCIÓS SZOLGÁLTATÁSOK | N100: 113 | O100: Korlátolt felelősségű társaság | P100: 11 | Q100: Gazdasági társaság | R100: 1 | S100: Jogi személyiségű vállalkozás | T100: 13 | U100: Pest | V100: 12 | W100: Pest | X100: 1 | Y100: Közép-Magyarország | Z100: 2014 | AA100: 2 | AB100: 146100000 | AC100: 12 | AD100: 2 | AE100: 3 | AF100: 51 - 300 | AG100: 2011 - 2015 | AH100: mikrovállalkozás | AI100: 119 | AJ100: 118 | AK100: 123 | AL100: 122 | AM100: 121 | AN100: 121 | AO100: 122 | AP100: 121 | AQ100: 119 | AR100: 122 | AS100: 116 | AT100: 117 | AU100: 118 | AV100: 112 | AW100: 117 | AX100: 119 | AY100: 118 | AZ100: 121 | BA100: 122 | BB100: 117 | BC100: 119 | BD100: 120 | BE100: 118 | BF100: 120 | BG100: 121 | BH100: 121 | BI100: 120 | BJ100: 121 | BK100: 118 | BL100: 116 | BM100: 116 | BN100: 119 | BO100: 121 | BP100: 123 | BQ100: 118 | BR100: 120 | BS100: 120 | BT100: 124 | BU100: 124 | BV100: 126 | BW100: 126 | BX100: 132 | BY100: 127 | BZ100: 129 | CA100: 120.54545 | CB100: 120 | CC100: 3.6564982 | CD100: 0.030332941 | CE100: 112 | CF100: 132 | CG100: 20 | CH100: 10 | CI100: 10
A101: 105 | B101: 53638 | C101: noklapja.hu | D101: 25087910-2-41 | E101: 25087910 5813 114 01 | F101: 58.13 | G101: Folyóirat, időszaki kiadvány kiadása | H101: 58.1 | I101: Könyv-, napilapkiadás, egyéb kiadói tevékenység (kivéve: szoftverkiadás) | J101: 58 | K101: Kiadói tevékenység | L101: J | M101: KIADÓI TEVÉKENYSÉG, MŰSORSZOLGÁLTATÁS, TARTALOMSZOLGÁLTATÁS ÉS -TERJESZTÉS | N101: 114 | O101: Részvénytársaság | P101: 11 | Q101: Gazdasági társaság | R101: 1 | S101: Jogi személyiségű vállalkozás | T101: 1 | U101: Budapest | V101: 11 | W101: Budapest | X101: 1 | Y101: Közép-Magyarország | Z101: 2014 | AA101: 409 | AB101: 14254790000 | AC101: 82 | AD101: 300-499 | AE101: C | AF101: 10001 - | AG101: 2011 - 2015 | AH101: nagyvállalat | AI101: 138 | AJ101: 139 | AK101: 138 | AL101: 134 | AM101: 137 | AN101: 136 | AO101: 140 | AP101: 131 | AQ101: 128 | AR101: 131 | AS101: 125 | AT101: 136 | AU101: 136 | AV101: 126 | AW101: 127 | AX101: 136 | AY101: 134 | AZ101: 129 | BA101: 118 | BB101: 140 | BC101: 138 | BD101: 136 | BE101: 141 | BF101: 144 | BG101: 142 | BH101: 142 | BI101: 139 | BJ101: 137 | BK101: 135 | BL101: 136 | BM101: 132 | BN101: 137 | BO101: 131 | BP101: 133 | BQ101: 129 | BR101: 145 | BS101: 134 | BT101: 134 | BU101: 136 | BV101: 129 | BW101: 131 | BX101: 134 | BY101: 131 | BZ101: 135 | CA101: 134.54545 | CB101: 135.5 | CC101: 5.3328929 | CD101: 0.039636366 | CE101: 118 | CF101: 145 | CG101: 27 | CH101: -3 | CI101: 3
A102: 108 | B102: 54893 | C102: csakfoci.hu | D102: 22667544-2-42 | E102: 22667544 7020 113 01 | F102: 70.2 | G102: Üzletviteli, egyéb üzletvezetési tanácsadás | H102: 70.2 | I102: Üzletviteli, egyéb üzletvezetési tanácsadás | J102: 70 | K102: Üzletvezetés, üzletvezetési tanácsadás | L102: N | M102: SZAKMAI, TUDOMÁNYOS, MŰSZAKI TEVÉKENYSÉG | N102: 113 | O102: Korlátolt felelősségű társaság | P102: 11 | Q102: Gazdasági társaság | R102: 1 | S102: Jogi személyiségű vállalkozás | T102: 1 | U102: Budapest | V102: 11 | W102: Budapest | X102: 1 | Y102: Közép-Magyarország | Z102: 2010 | AA102: 5 | AB102: 58980000 | AC102: 22 | AD102: 5-9 | AE102: 3 | AF102: 51 - 300 | AG102: 2006 - 2010 | AH102: mikrovállalkozás | AI102: 34 | AJ102: 35 | AK102: 36 | AL102: 36 | AM102: 36 | AN102: 36 | AO102: 35 | AP102: 35 | AQ102: 35 | AR102: 35 | AS102: 35 | AT102: 35 | AU102: 35 | AV102: 35 | AW102: 35 | AX102: 34 | AY102: 35 | AZ102: 35 | BA102: 35 | BB102: 35 | BC102: 35 | BD102: 35 | BE102: 34 | BF102: 35 | BG102: 35 | BH102: 35 | BI102: 34 | BJ102: 34 | BK102: 34 | BL102: 34 | BM102: 35 | BN102: 34 | BO102: 33 | BP102: 35 | BQ102: 33 | BR102: 34 | BS102: 34 | BT102: 34 | BU102: 35 | BV102: 35 | BW102: 35 | BX102: 35 | BY102: 35 | BZ102: 35 | CA102: 34.75 | CB102: 35 | CC102: 0.68624357 | CD102: 0.019748016 | CE102: 33 | CF102: 36 | CG102: 3 | CH102: 1 | CI102: 1
A103: 109 | B103: 55179 | C103: sobors.hu | D103: 27936748-2-41 | E103: 27936748 6391 113 01 | F103: 63.91 | G103: Internetes keresőportállal kapcsolatos tevékenységek | H103: 63.9 | I103: Internetes keresőportállal kapcsolatos tevékenységek és egyéb információs szolgáltatás | J103: 63 | K103: Számítástechnikai infrastruktúra, adatfeldolgozás, tárhelyszolgáltatás és egyéb információs szolgáltatási tevékenységek | L103: K | M103: TÁVKÖZLÉS, SZÁMÍTÓGÉPES PROGRAMOZÁS, INFORMÁCIÓTECHNOLÓGIAI SZAKTANÁCSADÁS, SZÁMÍTÁSTECHNIKAI INFRASTRUKTÚRA ÉS EGYÉB INFORMÁCIÓS SZOLGÁLTATÁSOK | N103: 113 | O103: Korlátolt felelősségű társaság | P103: 11 | Q103: Gazdasági társaság | R103: 1 | S103: Jogi személyiségű vállalkozás | T103: 1 | U103: Budapest | V103: 11 | W103: Budapest | X103: 1 | Y103: Közép-Magyarország | Z103: 2020 | AA103: 65 | AB103: 196970000 | AC103: 50 | AD103: 50-99 | AE103: 3 | AF103: 51 - 300 | AG103: 2016 - 2020 | AH103: középvállalkozás | AI103: 15 | AJ103: 15 | AK103: 15 | AL103: 15 | AM103: 15 | AN103: 16 | AO103: 17 | AP103: 15 | AQ103: 15 | AR103: 15 | AS103: 17 | AT103: 21 | AU103: 17 | AV103: 17 | AW103: 17 | AX103: 17 | AY103: 20 | AZ103: 12 | BA103: 6 | BB103: 13 | BC103: 15 | BD103: 16 | BE103: 15 | BF103: 15 | BG103: 15 | BH103: 15 | BI103: 18 | BJ103: 25 | BK103: 18 | BL103: 18 | BM103: 16 | BN103: 15 | BO103: 18 | BP103: 19 | BQ103: 15 | BR103: 19 | BS103: 15 | BT103: 16 | BU103: 17 | BV103: 15 | BW103: 27 | BX103: 17 | BY103: 33 | BZ103: 16 | CA103: 16.772727 | CB103: 16 | CC103: 4.005018 | CD103: 0.23878156 | CE103: 6 | CF103: 33 | CG103: 27 | CH103: 1 | CI103: 1
A104: 110 | B104: 55285 | C104: mobilarena.hu | D104: 12919709-2-41 | E104: 12919709 5813 113 01 | F104: 58.13 | G104: Folyóirat, időszaki kiadvány kiadása | H104: 58.1 | I104: Könyv-, napilapkiadás, egyéb kiadói tevékenység (kivéve: szoftverkiadás) | J104: 58 | K104: Kiadói tevékenység | L104: J | M104: KIADÓI TEVÉKENYSÉG, MŰSORSZOLGÁLTATÁS, TARTALOMSZOLGÁLTATÁS ÉS -TERJESZTÉS | N104: 113 | O104: Korlátolt felelősségű társaság | P104: 11 | Q104: Gazdasági társaság | R104: 1 | S104: Jogi személyiségű vállalkozás | T104: 1 | U104: Budapest | V104: 11 | W104: Budapest | X104: 1 | Y104: Közép-Magyarország | Z104: 2002 | AA104: 4 | AB104: 133410000 | AC104: 15 | AD104: 3-4 | AE104: 3 | AF104: 51 - 300 | AG104: 2001 - 2005 | AH104: mikrovállalkozás | AI104: 78 | AJ104: 79 | AK104: 77 | AL104: 78 | AM104: 75 | AN104: 77 | AO104: 77 | AP104: 77 | AQ104: 0 | AR104: 84 | AS104: 86 | AT104: 84 | AU104: 89 | AV104: 79 | AW104: 81 | AX104: 79 | AY104: 77 | AZ104: 76 | BA104: 75 | BB104: 75 | BC104: 75 | BD104: 76 | BE104: 77 | BF104: 77 | BG104: 73 | BH104: 79 | BI104: 76 | BJ104: 72 | BK104: 76 | BL104: 76 | BM104: 70 | BN104: 74 | BO104: 72 | BP104: 74 | BQ104: 74 | BR104: 73 | BS104: 72 | BT104: 72 | BU104: 72 | BV104: 72 | BW104: 76 | BX104: 83 | BY104: 80 | BZ104: 78 | CA104: 75.045455 | CB104: 76 | CC104: 12.241665 | CD104: 0.16312333 | CE104: 0 | CF104: 89 | CG104: 89 | CH104: 0 | CI104: 0
A105: 111 | B105: 55532 | C105: alon.hu | D105: 66406156-1-38 | E105: 66406156 6310 231 18 | F105: 63.1 | G105: Számítástechnikai infrastruktúra, adatfeldolgozás, tárhelyszolgáltatás és kapcsolódó szolgáltatások | H105: 63.1 | I105: Számítástechnikai infrastruktúra, adatfeldolgozás, tárhelyszolgáltatás és kapcsolódó szolgáltatások | J105: 63 | K105: Számítástechnikai infrastruktúra, adatfeldolgozás, tárhelyszolgáltatás és egyéb információs szolgáltatási tevékenységek | L105: K | M105: TÁVKÖZLÉS, SZÁMÍTÓGÉPES PROGRAMOZÁS, INFORMÁCIÓTECHNOLÓGIAI SZAKTANÁCSADÁS, SZÁMÍTÁSTECHNIKAI INFRASTRUKTÚRA ÉS EGYÉB INFORMÁCIÓS SZOLGÁLTATÁSOK | N105: 231 | O105: Egyéni vállalkozó | P105: 23 | Q105: Önálló vállalkozó | R105: 2 | S105: Jogi személyiség nélküli vállalkozás | T105: 18 | U105: Vas | V105: 30 | W105: Nyugat-Dunántúl | X105: 2 | Y105: Dunántúl | Z105: 2013 | AB105: 2570000 | AC105: 0 | AD105: ismeretlen | AE105: 1 | AF105: 0 - 20 | AG105: 2011 - 2015 | AI105: 22 | AJ105: 25 | AK105: 27 | AL105: 24 | AM105: 25 | AN105: 27 | AO105: 25 | AP105: 26 | AQ105: 28 | AR105: 25 | AS105: 24 | AT105: 25 | AU105: 25 | AV105: 23 | AW105: 26 | AX105: 23 | AY105: 26 | AZ105: 25 | BA105: 27 | BB105: 25 | BC105: 23 | BD105: 26 | BE105: 24 | BF105: 26 | BG105: 26 | BH105: 28 | BI105: 23 | BJ105: 26 | BK105: 25 | BL105: 21 | BM105: 24 | BN105: 28 | BO105: 27 | BP105: 26 | BQ105: 25 | BR105: 26 | BS105: 24 | BT105: 31 | BU105: 24 | BV105: 26 | BW105: 22 | BX105: 24 | BY105: 24 | BZ105: 23 | CA105: 25.113636 | CB105: 25 | CC105: 1.8704049 | CD105: 0.07447766 | CE105: 21 | CF105: 31 | CG105: 10 | CH105: 1 | CI105: 1
A106: 113 | B106: 56719 | C106: bardiauto.hu | D106: 12229132-2-44 | E106: 12229132 4672 114 01 | F106: 46.72 | G106: Gépjárműalkatrész és -tartozék nagykereskedelme | H106: 46.7 | I106: Gépjármű, motorkerékpár és -alkatrész, -tartozék nagykereskedelme | J106: 46 | K106: Nagykereskedelem | L106: G | M106: KERESKEDELEM | N106: 114 | O106: Részvénytársaság | P106: 11 | Q106: Gazdasági társaság | R106: 1 | S106: Jogi személyiségű vállalkozás | T106: 1 | U106: Budapest | V106: 11 | W106: Budapest | X106: 1 | Y106: Közép-Magyarország | Z106: 1997 | AA106: 1890 | AB106: 88239330000 | AC106: 93 | AD106: 1000-1999 | AE106: C | AF106: 10001 - | AG106: 1996 - 2000 | AH106: nagyvállalat | AI106: 170 | AJ106: 172 | AK106: 172 | AL106: 135 | AM106: 133 | AN106: 137 | AO106: 109 | AP106: 134 | AQ106: 135 | AR106: 140 | AS106: 109 | AT106: 141 | AU106: 138 | AV106: 146 | AW106: 144 | AX106: 143 | AY106: 144 | AZ106: 138 | BA106: 134 | BB106: 135 | BC106: 135 | BD106: 132 | BE106: 141 | BF106: 140 | BG106: 139 | BH106: 104 | BI106: 133 | BJ106: 133 | BK106: 135 | BL106: 132 | BM106: 132 | BN106: 104 | BO106: 135 | BP106: 139 | BQ106: 137 | BR106: 139 | BS106: 136 | BT106: 137 | BU106: 135 | BV106: 140 | BW106: 139 | BX106: 139 | BY106: 142 | BZ106: 143 | CA106: 137.04545 | CB106: 137 | CC106: 13.478587 | CD106: 0.098351214 | CE106: 104 | CF106: 172 | CG106: 68 | CH106: -27 | CI106: 27
A107: 114 | B107: 56803 | C107: astronet.hu | D107: 24785725-2-44 | E107: 24785725 5812 114 01 | F107: 58.12 | G107: Napilapkiadás | H107: 58.1 | I107: Könyv-, napilapkiadás, egyéb kiadói tevékenység (kivéve: szoftverkiadás) | J107: 58 | K107: Kiadói tevékenység | L107: J | M107: KIADÓI TEVÉKENYSÉG, MŰSORSZOLGÁLTATÁS, TARTALOMSZOLGÁLTATÁS ÉS -TERJESZTÉS | N107: 114 | O107: Részvénytársaság | P107: 11 | Q107: Gazdasági társaság | R107: 1 | S107: Jogi személyiségű vállalkozás | T107: 1 | U107: Budapest | V107: 11 | W107: Budapest | X107: 1 | Y107: Közép-Magyarország | Z107: 2013 | AA107: 1974 | AB107: 57098150000 | AC107: 93 | AD107: 1000-1999 | AE107: C | AF107: 10001 - | AG107: 2011 - 2015 | AH107: nagyvállalat | AI107: 84 | AJ107: 75 | AK107: 77 | AL107: 79 | AM107: 83 | AN107: 79 | AO107: 85 | AP107: 90 | AQ107: 83 | AR107: 84 | AS107: 85 | AT107: 78 | AU107: 74 | AV107: 85 | AW107: 73 | AX107: 79 | AY107: 74 | AZ107: 79 | BA107: 65 | BB107: 76 | BC107: 73 | BD107: 67 | BE107: 76 | BF107: 55 | BG107: 77 | BH107: 73 | BI107: 164 | BJ107: 166 | BK107: 166 | BL107: 168 | BM107: 164 | BN107: 165 | BO107: 165 | BP107: 165 | BQ107: 164 | BR107: 162 | BS107: 163 | BT107: 163 | BU107: 164 | BV107: 155 | BW107: 168 | BX107: 161 | BY107: 155 | BZ107: 163 | CA107: 112.47727 | CB107: 84.5 | CC107: 43.272253 | CD107: 0.38471997 | CE107: 55 | CF107: 168 | CG107: 113 | CH107: 79 | CI107: 79
A108: 115 | B108: 56853 | C108: randivonal.hu | D108: 24925543-2-41 | E108: 24925543 6391 114 01 | F108: 63.91 | G108: Internetes keresőportállal kapcsolatos tevékenységek | H108: 63.9 | I108: Internetes keresőportállal kapcsolatos tevékenységek és egyéb információs szolgáltatás | J108: 63 | K108: Számítástechnikai infrastruktúra, adatfeldolgozás, tárhelyszolgáltatás és egyéb információs szolgáltatási tevékenységek | L108: K | M108: TÁVKÖZLÉS, SZÁMÍTÓGÉPES PROGRAMOZÁS, INFORMÁCIÓTECHNOLÓGIAI SZAKTANÁCSADÁS, SZÁMÍTÁSTECHNIKAI INFRASTRUKTÚRA ÉS EGYÉB INFORMÁCIÓS SZOLGÁLTATÁSOK | N108: 114 | O108: Részvénytársaság | P108: 11 | Q108: Gazdasági társaság | R108: 1 | S108: Jogi személyiségű vállalkozás | T108: 1 | U108: Budapest | V108: 11 | W108: Budapest | X108: 1 | Y108: Közép-Magyarország | Z108: 2014 | AA108: 23 | AB108: 801920000 | AC108: 40 | AD108: 20-49 | AE108: 6 | AF108: 701 - 1000 | AG108: 2011 - 2015 | AH108: kisvállalkozás | AI108: 314 | AJ108: 314 | AK108: 314 | AL108: 314 | AM108: 314 | AN108: 314 | AO108: 314 | AP108: 314 | AQ108: 314 | AR108: 314 | AS108: 314 | AT108: 311 | AU108: 302 | AV108: 312 | AW108: 314 | AX108: 314 | AY108: 314 | AZ108: 62 | BA108: 57 | BB108: 62 | BC108: 62 | BD108: 62 | BE108: 62 | BF108: 62 | BG108: 62 | BH108: 62 | BI108: 62 | BJ108: 62 | BK108: 62 | BL108: 62 | BM108: 62 | BN108: 62 | BO108: 62 | BP108: 62 | BQ108: 62 | BR108: 62 | BS108: 62 | BT108: 60 | BU108: 60 | BV108: 60 | BW108: 59 | BX108: 59 | BY108: 59 | BZ108: 59 | CA108: 158.45455 | CB108: 62 | CC108: 124.06646 | CD108: 0.78297823 | CE108: 57 | CF108: 314 | CG108: 257 | CH108: -255 | CI108: 255
A109: 117 | B109: 57109 | C109: anotalk.hu | D109: 27987342-2-09 | E109: 27987342 6039 113 09 | F109: 60.39 | G109: Egyéb tartalomterjesztési tevékenység | H109: 60.3 | I109: Hírügynökségi és egyéb tartalomterjesztési tevékenység | J109: 60 | K109: Műsor-összeállítás, műsorszolgáltatás, hírügynökségi és egyéb tartalomterjesztési tevékenység | L109: J | M109: KIADÓI TEVÉKENYSÉG, MŰSORSZOLGÁLTATÁS, TARTALOMSZOLGÁLTATÁS ÉS -TERJESZTÉS | N109: 113 | O109: Korlátolt felelősségű társaság | P109: 11 | Q109: Gazdasági társaság | R109: 1 | S109: Jogi személyiségű vállalkozás | T109: 9 | U109: Hajdú-Bihar | V109: 60 | W109: Észak-Alföld | X109: 3 | Y109: Alföld és Észak | Z109: 2020 | AA109: 1 | AB109: 47970000 | AC109: 11 | AD109: 1 | AE109: 2 | AF109: 21 - 50 | AG109: 2016 - 2020 | AH109: mikrovállalkozás | AI109: 44 | AJ109: 44 | AK109: 44 | AL109: 44 | AM109: 44 | AN109: 44 | AO109: 44 | AP109: 44 | AQ109: 44 | AR109: 44 | AS109: 44 | AT109: 44 | AU109: 44 | AV109: 44 | AW109: 44 | AX109: 44 | AY109: 44 | AZ109: 44 | BA109: 44 | BB109: 44 | BC109: 44 | BD109: 44 | BE109: 44 | BF109: 44 | BG109: 44 | BH109: 44 | BI109: 44 | BJ109: 44 | BK109: 44 | BL109: 44 | BM109: 44 | BN109: 44 | BO109: 44 | BP109: 44 | BQ109: 44 | BR109: 44 | BS109: 43 | BT109: 43 | BU109: 43 | BV109: 43 | BW109: 43 | BX109: 43 | BY109: 43 | BZ109: 43 | CA109: 43.818182 | CB109: 44 | CC109: 0.39015365 | CD109: 0.0089039215 | CE109: 43 | CF109: 44 | CG109: 1 | CH109: -1 | CI109: 1
...

Sheet error_type_summary
A1: date | B1: WCAG2AA.Principle3.Guideline3_1.3_1_1.H57.2 | C1: WCAG2AA.Principle1.Guideline1_1.1_1_1.H37 | D1: WCAG2AA.Principle2.Guideline2_4.2_4_1.H64.1 | E1: WCAG2AA.Principle1.Guideline1_4.1_4_3.G18.Fail | F1: WCAG2AA.Principle4.Guideline4_1.4_1_2.H91.A.NoContent | G1: WCAG2AA.Principle4.Guideline4_1.4_1_1.F77 | H1: WCAG2AA.Principle4.Guideline4_1.4_1_2.H91.Button.Name | I1: WCAG2AA.Principle1.Guideline1_3.1_3_1.H42.2 | J1: WCAG2AA.Principle4.Guideline4_1.4_1_2.H91.InputText.Name | K1: WCAG2AA.Principle1.Guideline1_3.1_3_1.F68 | L1: WCAG2AA.Principle2.Guideline2_2.2_2_1.F41.2 | M1: WCAG2AA.Principle4.Guideline4_1.4_1_2.H91.InputSearch.Name | N1: WCAG2AA.Principle1.Guideline1_1.1_1_1.H30.2 | O1: WCAG2AA.Principle1.Guideline1_3.1_3_1.F92,ARIA4 | P1: WCAG2AA.Principle1.Guideline1_4.1_4_3.G145.Fail | Q1: WCAG2AA.Principle1.Guideline1_1.1_1_1.H67.1 | R1: WCAG2AA.Principle4.Guideline4_1.4_1_2.H91.A.EmptyNoId | S1: WCAG2AA.Principle3.Guideline3_2.3_2_2.H32.2 | T1: WCAG2AA.Principle4.Guideline4_1.4_1_2.H91.Textarea.Name | U1: WCAG2AA.Principle4.Guideline4_1.4_1_2.H91.InputEmail.Name | V1: WCAG2AA.Principle4.Guideline4_1.4_1_2.H91.A.Name | W1: WCAG2AA.Principle1.Guideline1_3.1_3_1.H49.Center | X1: WCAG2AA.Principle4.Guideline4_1.4_1_2.H91.Fieldset.Name | Y1: WCAG2AA.Principle1.Guideline1_3.1_3_1.H71.NoLegend | Z1: WCAG2AA.Principle2.Guideline2_4.2_4_1.G1,G123,G124.NoSuchID | AA1: WCAG2AA.Principle1.Guideline1_3.1_3_1.H49.AlignAttr | AB1: WCAG2AA.Principle4.Guideline4_1.4_1_2.H91.InputFile.Name | AC1: WCAG2AA.Principle4.Guideline4_1.4_1_2.H91.InputButton.Name | AD1: WCAG2AA.Principle4.Guideline4_1.4_1_2.H91.InputNumber.Name | AE1: WCAG2AA.Principle1.Guideline1_1.1_1_1.H2.EG3 | AF1: WCAG2AA.Principle1.Guideline1_1.1_1_1.undefined | AG1: WCAG2AA.Principle1.Guideline1_3.1_3_1.H49.Font | AH1: WCAG2AA.Principle4.Guideline4_1.4_1_2.H91.InputCheckbox.Name | AI1: WCAG2AA.Principle4.Guideline4_1.4_1_2.H91.InputPassword.Name | AJ1: WCAG2AA.Principle4.Guideline4_1.4_1_2.H91.InputRange.Name | AK1: WCAG2AA.Principle4.Guideline4_1.4_1_2.H91.Select.Name | AL1: WCAG2AA.Principle1.Guideline1_1.1_1_1.H2.EG4 | AM1: WCAG2AA.Principle4.Guideline4_1.4_1_2.H91.InputTime.Name | AN1: WCAG2AA.Principle4.Guideline4_1.4_1_2.H91.InputRadio.Name | AO1: WCAG2AA.Principle4.Guideline4_1.4_1_2.H91.InputSelect-one.Name | AP1: WCAG2AA.Principle4.Guideline4_1.4_1_2.H91.Div.Name | AQ1: WCAG2AA.Principle1.Guideline1_3.1_3_1.H43.HeadersRequired | AR1: WCAG2AA.Principle1.Guideline1_1.1_1_1.H36 | AS1: WCAG2AA.Principle2.Guideline2_4.2_4_2.H25.1.NoTitleEl | AT1: WCAG2AA.Principle2.Guideline2_2.2_2_1.F40.2 | AU1: WCAG2AA.Principle1.Guideline1_3.1_3_1.H39.3.LayoutTable | AV1: WCAG2AA.Principle4.Guideline4_1.4_1_2.H91.InputTel.Name | AW1: WCAG2AA.Principle4.Guideline4_1.4_1_2.H91.Img.Name | AX1: WCAG2AA.Principle4.Guideline4_1.4_1_2.H91.InputImage.Name | AY1: WCAG2AA.Principle3.Guideline3_1.3_1_2.H58.1.Lang | AZ1: WCAG2AA.Principle1.Guideline1_1.1_1_1.H24 | BA1: WCAG2AA.Principle1.Guideline1_1.1_1_1.H53,ARIA6 | BB1: WCAG2AA.Principle3.Guideline3_1.3_1_1.H57.3.Lang | BC1: WCAG2AA.Principle4.Guideline4_1.4_1_2.H91.InputHpinput.Name | BD1: WCAG2AA.Principle4.Guideline4_1.4_1_2.H91.InputDate.Name | BE1: WCAG2AA.Principle4.Guideline4_1.4_1_2.H91.Span.Name | BF1: WCAG2AA.Principle2.Guideline2_4.2_4_2.H25.1.EmptyTitle | BG1: WCAG2AA.Principle4.Guideline4_1.4_1_2.H91.InputHome.Name
A2: 45811 | B2: 71 | C2: 3822 | D2: 1702 | E2: 22213 | F2: 5093 | G2: 3770 | H2: 2240 | I2: 355 | J2: 955 | K2: 1462 | L2: 12 | M2: 82 | N2: 4597 | O2: 494 | P2: 765 | Q2: 36 | R2: 439 | S2: 622 | T2: 93 | U2: 92 | V2: 64 | W2: 79 | X2: 50 | Y2: 51 | Z2: 127 | AA2: 387 | AB2: 3 | AC2: 50 | AD2: 246 | AE2: 53 | AF2: 26 | AG2: 73 | AH2: 158 | AI2: 71 | AJ2: 11 | AK2: 157 | AL2: 205 | AM2: 1 | AN2: 23 | AO2: 1 | AP2: 84 | AQ2: 11 | AR2: 10 | AS2: 7 | AT2: 1 | AU2: 3 | AV2: 18 | AW2: 9 | AX2: 9 | AY2: 31 | AZ2: 58 | BA2: 6 | BB2: 1 | BC2: 2 | BD2: 4 | BE2: 1 | BF2: 1 | BG2: 3
A3: 45818 | B3: 71 | C3: 3816 | D3: 1707 | E3: 22298 | F3: 4898 | G3: 3942 | H3: 2417 | I3: 348 | J3: 940 | K3: 1444 | L3: 13 | M3: 82 | N3: 4674 | O3: 499 | P3: 769 | Q3: 59 | R3: 424 | S3: 611 | T3: 91 | U3: 92 | V3: 44 | W3: 79 | X3: 49 | Y3: 50 | Z3: 127 | AA3: 387 | AB3: 3 | AC3: 51 | AD3: 256 | AE3: 55 | AF3: 27 | AG3: 74 | AH3: 158 | AI3: 69 | AJ3: 12 | AK3: 158 | AL3: 203 | AM3: 1 | AN3: 23 | AO3: 1 | AP3: 79 | AQ3: 11 | AR3: 10 | AS3: 7 | AT3: 1 | AU3: 3 | AV3: 19 | AW3: 6 | AX3: 9 | AY3: 31 | AZ3: 57 | BA3: 10 | BB3: 1 | BC3: 1 | BD3: 4 | BE3: 1 | BF3: 1 | BG3: 3
A4: 45825 | B4: 71 | C4: 3760 | D4: 1707 | E4: 21648 | F4: 4854 | G4: 3863 | H4: 2386 | I4: 350 | J4: 944 | K4: 1442 | L4: 12 | M4: 81 | N4: 4524 | O4: 503 | P4: 770 | Q4: 54 | R4: 441 | S4: 609 | T4: 88 | U4: 91 | V4: 64 | W4: 74 | X4: 50 | Y4: 51 | Z4: 125 | AA4: 386 | AB4: 2 | AC4: 44 | AD4: 254 | AE4: 46 | AF4: 26 | AG4: 74 | AH4: 158 | AI4: 72 | AJ4: 11 | AK4: 153 | AL4: 224 | AM4: 1 | AN4: 23 | AO4: 1 | AP4: 89 | AQ4: 11 | AR4: 10 | AS4: 7 | AT4: 1 | AU4: 3 | AV4: 16 | AW4: 7 | AX4: 9 | AY4: 31 | AZ4: 57 | BA4: 12 | BB4: 1 | BC4: 2 | BD4: 4 | BE4: 1 | BF4: 2 | BG4: 3
A5: 45832 | B5: 70 | C5: 3589 | D5: 1711 | E5: 21667 | F5: 4893 | G5: 3549 | H5: 1856 | I5: 347 | J5: 950 | K5: 1443 | L5: 11 | M5: 78 | N5: 4427 | O5: 499 | P5: 753 | Q5: 41 | R5: 418 | S5: 613 | T5: 90 | U5: 94 | V5: 64 | W5: 76 | X5: 50 | Y5: 51 | Z5: 126 | AA5: 397 | AB5: 3 | AC5: 50 | AD5: 250 | AE5: 39 | AF5: 27 | AG5: 68 | AH5: 157 | AI5: 69 | AJ5: 8 | AK5: 147 | AL5: 194 | AM5: 1 | AN5: 25 | AO5: 1 | AP5: 93 | AQ5: 11 | AR5: 10 | AS5: 7 | AT5: 1 | AU5: 3 | AV5: 18 | AW5: 10 | AX5: 9 | AY5: 34 | AZ5: 57 | BA5: 11 | BB5: 1 | BC5: 2 | BD5: 4 | BE5: 1 | BF5: 2 | BG5: 3
A6: 45839 | B6: 70 | C6: 3520 | D6: 1705 | E6: 21154 | F6: 4833 | G6: 3603 | H6: 2453 | I6: 346 | J6: 949 | K6: 1444 | L6: 11 | M6: 79 | N6: 4367 | O6: 499 | P6: 779 | Q6: 58 | R6: 464 | S6: 616 | T6: 93 | U6: 95 | V6: 64 | W6: 78 | X6: 51 | Y6: 52 | Z6: 125 | AA6: 398 | AB6: 3 | AC6: 50 | AD6: 246 | AE6: 38 | AF6: 26 | AG6: 68 | AH6: 157 | AI6: 71 | AJ6: 8 | AK6: 146 | AL6: 193 | AM6: 1 | AN6: 23 | AO6: 1 | AP6: 99 | AQ6: 11 | AR6: 10 | AS6: 7 | AT6: 1 | AU6: 3 | AV6: 18 | AW6: 8 | AX6: 9 | AY6: 34 | AZ6: 57 | BA6: 8 | BB6: 1 | BC6: 2 | BD6: 4 | BE6: 1 | BF6: 2 | BG6: 3
A7: 45846 | B7: 69 | C7: 3509 | D7: 1694 | E7: 21225 | F7: 4766 | G7: 3610 | H7: 2422 | I7: 350 | J7: 947 | K7: 1440 | L7: 11 | M7: 78 | N7: 4488 | O7: 523 | P7: 779 | Q7: 54 | R7: 420 | S7: 606 | T7: 92 | U7: 92 | V7: 64 | W7: 74 | X7: 51 | Y7: 52 | Z7: 124 | AA7: 317 | AB7: 3 | AC7: 50 | AD7: 226 | AE7: 35 | AF7: 26 | AG7: 70 | AH7: 157 | AI7: 71 | AJ7: 8 | AK7: 145 | AL7: 192 | AM7: 1 | AN7: 23 | AO7: 1 | AP7: 100 | AQ7: 11 | AR7: 10 | AS7: 6 | AT7: 1 | AU7: 3 | AV7: 18 | AW7: 8 | AX7: 9 | AY7: 34 | AZ7: 57 | BA7: 10 | BB7: 1 | BC7: 2 | BD7: 4 | BE7: 1 | BF7: 2 | BG7: 3
A8: 45853 | B8: 69 | C8: 3518 | D8: 1698 | E8: 21101 | F8: 4782 | G8: 3650 | H8: 2463 | I8: 353 | J8: 950 | K8: 1449 | L8: 11 | M8: 78 | N8: 4362 | O8: 521 | P8: 796 | Q8: 37 | R8: 420 | S8: 604 | T8: 93 | U8: 99 | V8: 63 | W8: 75 | X8: 53 | Y8: 54 | Z8: 124 | AA8: 326 | AB8: 3 | AC8: 50 | AD8: 239 | AE8: 35 | AF8: 26 | AG8: 70 | AH8: 157 | AI8: 74 | AJ8: 12 | AK8: 147 | AL8: 193 | AM8: 1 | AN8: 23 | AO8: 1 | AP8: 100 | AQ8: 11 | AR8: 10 | AS8: 7 | AT8: 1 | AU8: 3 | AV8: 18 | AW8: 9 | AX8: 9 | AY8: 34 | AZ8: 57 | BA8: 9 | BB8: 1 | BC8: 2 | BD8: 4 | BE8: 1 | BF8: 2 | BG8: 3
A9: 45860 | B9: 71 | C9: 3454 | D9: 1688 | E9: 21170 | F9: 4766 | G9: 3637 | H9: 2421 | I9: 338 | J9: 951 | K9: 1446 | L9: 11 | M9: 78 | N9: 4413 | O9: 518 | P9: 777 | Q9: 34 | R9: 439 | S9: 601 | T9: 92 | U9: 92 | V9: 63 | W9: 75 | X9: 53 | Y9: 54 | Z9: 122 | AA9: 329 | AB9: 3 | AC9: 50 | AD9: 237 | AE9: 34 | AF9: 25 | AG9: 70 | AH9: 157 | AI9: 71 | AJ9: 11 | AK9: 148 | AL9: 191 | AM9: 1 | AN9: 22 | AO9: 1 | AP9: 101 | AQ9: 11 | AR9: 10 | AS9: 7 | AT9: 1 | AU9: 3 | AV9: 18 | AW9: 2 | AX9: 9 | AY9: 32 | AZ9: 57 | BA9: 9 | BB9: 1 | BC9: 2 | BD9: 4 | BE9: 1 | BF9: 2 | BG9: 3
A10: 45867 | B10: 69 | C10: 3556 | D10: 1646 | E10: 20574 | F10: 4386 | G10: 3625 | H10: 2403 | I10: 337 | J10: 886 | K10: 1380 | L10: 11 | M10: 78 | N10: 4235 | O10: 516 | P10: 778 | Q10: 33 | R10: 445 | S10: 596 | T10: 91 | U10: 101 | V10: 67 | W10: 74 | X10: 55 | Y10: 56 | Z10: 122 | AA10: 373 | AB10: 3 | AC10: 49 | AD10: 228 | AE10: 27 | AF10: 26 | AG10: 69 | AH10: 156 | AI10: 72 | AJ10: 10 | AK10: 147 | AL10: 194 | AM10: 1 | AN10: 23 | AO10: 1 | AP10: 100 | AQ10: 12 | AR10: 10 | AS10: 6 | AT10: 1 | AU10: 3 | AV10: 18 | AW10: 9 | AX10: 9 | AY10: 32 | AZ10: 57 | BA10: 7 | BB10: 1 | BC10: 2 | BD10: 4 | BE10: 1 | BF10: 2 | BG10: 3
A11: 45874 | B11: 69 | C11: 3609 | D11: 1673 | E11: 21062 | F11: 4472 | G11: 3648 | H11: 2484 | I11: 348 | J11: 924 | K11: 1414 | L11: 11 | M11: 78 | N11: 4396 | O11: 518 | P11: 779 | Q11: 32 | R11: 447 | S11: 616 | T11: 87 | U11: 100 | V11: 67 | W11: 81 | X11: 55 | Y11: 56 | Z11: 124 | AA11: 367 | AB11: 3 | AC11: 50 | AD11: 247 | AE11: 36 | AF11: 26 | AG11: 69 | AH11: 156 | AI11: 72 | AJ11: 12 | AK11: 147 | AL11: 191 | AM11: 1 | AN11: 23 | AO11: 1 | AP11: 103 | AQ11: 12 | AR11: 10 | AS11: 6 | AT11: 1 | AU11: 3 | AV11: 18 | AW11: 7 | AX11: 9 | AY11: 32 | AZ11: 57 | BA11: 9 | BB11: 1 | BC11: 2 | BD11: 4 | BE11: 1 | BF11: 2 | BG11: 3
A12: 45881 | B12: 69 | C12: 3548 | D12: 1660 | E12: 20763 | F12: 4546 | G12: 3634 | H12: 2526 | I12: 341 | J12: 925 | K12: 1411 | L12: 12 | M12: 78 | N12: 4490 | O12: 520 | P12: 753 | Q12: 31 | R12: 443 | S12: 618 | T12: 87 | U12: 97 | V12: 68 | W12: 79 | X12: 55 | Y12: 56 | Z12: 124 | AA12: 368 | AB12: 3 | AC12: 50 | AD12: 247 | AE12: 37 | AF12: 25 | AG12: 68 | AH12: 156 | AI12: 72 | AJ12: 8 | AK12: 143 | AL12: 193 | AM12: 1 | AN12: 23 | AO12: 1 | AP12: 106 | AQ12: 12 | AR12: 10 | AS12: 6 | AT12: 1 | AU12: 3 | AV12: 18 | AW12: 8 | AX12: 9 | AY12: 33 | AZ12: 57 | BA12: 12 | BB12: 1 | BC12: 2 | BD12: 4 | BE12: 1 | BF12: 2 | BG12: 3
A13: 45888 | B13: 69 | C13: 3527 | D13: 1657 | E13: 20841 | F13: 4490 | G13: 3667 | H13: 1203 | I13: 350 | J13: 925 | K13: 1399 | L13: 13 | M13: 78 | N13: 4388 | O13: 522 | P13: 753 | Q13: 34 | R13: 445 | S13: 627 | T13: 86 | U13: 97 | V13: 68 | W13: 78 | X13: 55 | Y13: 56 | Z13: 124 | AA13: 374 | AB13: 2 | AC13: 50 | AD13: 220 | AE13: 35 | AF13: 25 | AG13: 70 | AH13: 152 | AI13: 66 | AJ13: 8 | AK13: 143 | AL13: 185 | AM13: 1 | AN13: 23 | AO13: 1 | AP13: 96 | AQ13: 12 | AR13: 10 | AS13: 6 | AT13: 1 | AU13: 3 | AV13: 18 | AW13: 8 | AX13: 9 | AY13: 33 | AZ13: 57 | BA13: 9 | BB13: 1 | BC13: 2 | BD13: 4 | BE13: 1 | BF13: 2 | BG13: 3
... A22: 45951 | B22: 70 | C22: 3192 | D22: 1661 | E22: 20724 | F22: 4670 | G22: 3351 | H22: 1234 | I22: 358 | J22: 966 | K22: 1387 | L22: 12 | M22: 77 | N22: 4478 | O22: 521 | P22: 795 | Q22: 32 | R22: 435 | S22: 640 | T22: 85 | U22: 99 | V22: 66 | W22: 86 | X22: 61 | Y22: 64 | Z22: 124 | AA22: 378 | AB22: 17 | AC22: 49 | AD22: 241 | AE22: 34 | AF22: 27 | AG22: 70 | AH22: 86 | AI22: 70 | AJ22: 13 | AK22: 138 | AL22: 192 | AM22: 1 | AN22: 23 | AO22: 1 | AP22: 108 | AQ22: 12 | AR22: 10 | AS22: 7 | AT22: 1 | AU22: 3 | AV22: 19 | AW22: 8 | AX22: 9 | AY22: 34 | AZ22: 25 | BA22: 5 | BB22: 1 | BC22: 2 | BD22: 4 | BE22: 2 | BF22: 2 | BG22: 3
A23: 45958 | B23: 70 | C23: 3116 | D23: 1673 | E23: 20316 | F23: 4587 | G23: 3362 | H23: 1220 | I23: 354 | J23: 916 | K23: 1328 | L23: 12 | M23: 74 | N23: 4483 | O23: 524 | P23: 813 | Q23: 35 | R23: 444 | S23: 633 | T23: 82 | U23: 94 | V23: 46 | W23: 86 | X23: 60 | Y23: 63 | Z23: 131 | AA23: 377 | AB23: 15 | AC23: 50 | AD23: 136 | AE23: 37 | AF23: 27 | AG23: 69 | AH23: 86 | AI23: 67 | AJ23: 13 | AK23: 137 | AL23: 197 | AM23: 1 | AN23: 23 | AP23: 111 | AQ23: 12 | AR23: 10 | AS23: 6 | AT23: 1 | AU23: 3 | AV23: 19 | AW23: 8 | AX23: 9 | AY23: 34 | AZ23: 25 | BA23: 6 | BB23: 1 | BC23: 2 | BD23: 4 | BE23: 2 | BF23: 2 | BG23: 3
A24: 45965 | B24: 71 | C24: 3131 | D24: 1646 | E24: 20313 | F24: 4360 | G24: 3290 | H24: 1208 | I24: 340 | J24: 899 | K24: 1312 | L24: 13 | M24: 74 | N24: 4473 | O24: 505 | P24: 873 | Q24: 31 | R24: 435 | S24: 632 | T24: 84 | U24: 91 | V24: 46 | W24: 85 | X24: 60 | Y24: 63 | Z24: 130 | AA24: 351 | AB24: 17 | AC24: 49 | AD24: 137 | AE24: 30 | AF24: 20 | AG24: 69 | AH24: 86 | AI24: 66 | AJ24: 12 | AK24: 135 | AL24: 193 | AM24: 1 | AN24: 23 | AO24: 1 | AP24: 102 | AQ24: 12 | AR24: 10 | AS24: 6 | AT24: 1 | AU24: 3 | AV24: 19 | AW24: 8 | AX24: 9 | AY24: 1 | AZ24: 25 | BA24: 7 | BB24: 1 | BC24: 2 | BD24: 4 | BE24: 2 | BF24: 2 | BG24: 3
A25: 45972 | B25: 71 | C25: 3172 | D25: 1663 | E25: 20463 | F25: 4563 | G25: 3297 | H25: 1217 | I25: 352 | J25: 905 | K25: 1317 | L25: 13 | M25: 74 | N25: 4464 | O25: 502 | P25: 927 | Q25: 32 | R25: 423 | S25: 639 | T25: 83 | U25: 94 | V25: 66 | W25: 85 | X25: 60 | Y25: 63 | Z25: 129 | AA25: 352 | AB25: 16 | AC25: 49 | AD25: 128 | AE25: 36 | AF25: 28 | AG25: 69 | AH25: 86 | AI25: 67 | AJ25: 10 | AK25: 135 | AL25: 191 | AM25: 1 | AN25: 23 | AO25: 1 | AP25: 105 | AQ25: 12 | AR25: 10 | AS25: 6 | AT25: 1 | AU25: 3 | AV25: 20 | AW25: 8 | AX25: 9 | AY25: 1 | AZ25: 25 | BA25: 3 | BB25: 1 | BC25: 1 | BD25: 4 | BE25: 2 | BF25: 2 | BG25: 3
A26: 45979 | B26: 72 | C26: 3220 | D26: 1654 | E26: 19294 | F26: 4843 | G26: 3604 | H26: 1228 | I26: 351 | J26: 927 | K26: 1343 | L26: 12 | M26: 55 | N26: 4013 | O26: 507 | P26: 932 | Q26: 32 | R26: 426 | S26: 634 | T26: 81 | U26: 97 | V26: 69 | W26: 91 | X26: 59 | Y26: 62 | Z26: 127 | AA26: 348 | AB26: 16 | AC26: 48 | AD26: 120 | AE26: 38 | AF26: 27 | AG26: 67 | AH26: 88 | AI26: 68 | AJ26: 13 | AK26: 138 | AL26: 195 | AM26: 1 | AN26: 23 | AO26: 1 | AP26: 113 | AQ26: 12 | AR26: 10 | AS26: 6 | AT26: 1 | AU26: 3 | AV26: 21 | AW26: 8 | AX26: 9 | AY26: 1 | AZ26: 29 | BA26: 3 | BB26: 1 | BC26: 1 | BD26: 4 | BE26: 2 | BF26: 3 | BG26: 3
A27: 45986 | B27: 72 | C27: 3239 | D27: 1659 | E27: 20095 | F27: 4844 | G27: 3664 | H27: 1225 | I27: 352 | J27: 932 | K27: 1384 | L27: 12 | M27: 55 | N27: 4132 | O27: 508 | P27: 945 | Q27: 31 | R27: 418 | S27: 681 | T27: 117 | U27: 100 | V27: 70 | W27: 86 | X27: 60 | Y27: 63 | Z27: 128 | AA27: 349 | AB27: 17 | AC27: 46 | AD27: 121 | AE27: 37 | AF27: 28 | AG27: 67 | AH27: 88 | AI27: 68 | AJ27: 11 | AK27: 137 | AL27: 195 | AM27: 1 | AN27: 23 | AO27: 1 | AP27: 140 | AQ27: 11 | AR27: 10 | AS27: 6 | AT27: 1 | AU27: 3 | AV27: 20 | AW27: 10 | AX27: 9 | AY27: 1 | AZ27: 29 | BA27: 3 | BB27: 1 | BC27: 2 | BD27: 4 | BE27: 2 | BF27: 3 | BG27: 3
A28: 45993 | B28: 72 | C28: 3165 | D28: 1620 | E28: 20098 | F28: 4602 | G28: 3552 | H28: 1214 | I28: 372 | J28: 922 | K28: 1344 | L28: 13 | M28: 56 | N28: 3962 | O28: 507 | P28: 877 | Q28: 25 | R28: 428 | S28: 625 | T28: 88 | U28: 99 | V28: 50 | W28: 84 | X28: 60 | Y28: 63 | Z28: 128 | AA28: 349 | AB28: 17 | AC28: 46 | AD28: 128 | AE28: 33 | AF28: 24 | AG28: 72 | AH28: 88 | AI28: 68 | AJ28: 11 | AK28: 136 | AL28: 196 | AM28: 1 | AN28: 23 | AP28: 55 | AQ28: 11 | AR28: 9 | AS28: 7 | AT28: 1 | AU28: 3 | AV28: 18 | AW28: 9 | AX28: 8 | AY28: 1 | AZ28: 25 | BA28: 6 | BB28: 1 | BC28: 1 | BD28: 4 | BE28: 2 | BF28: 3 | BG28: 3
A29: 46000 | B29: 71 | C29: 3216 | D29: 1639 | E29: 19870 | F29: 4708 | G29: 3657 | H29: 1222 | I29: 350 | J29: 924 | K29: 1376 | L29: 13 | M29: 56 | N29: 4012 | O29: 506 | P29: 874 | Q29: 32 | R29: 412 | S29: 691 | T29: 118 | U29: 99 | V29: 50 | W29: 78 | X29: 60 | Y29: 63 | Z29: 127 | AA29: 347 | AB29: 16 | AC29: 47 | AD29: 125 | AE29: 35 | AF29: 91 | AG29: 76 | AH29: 88 | AI29: 69 | AJ29: 13 | AK29: 136 | AL29: 205 | AM29: 1 | AN29: 23 | AO29: 1 | AP29: 65 | AQ29: 11 | AR29: 9 | AS29: 7 | AT29: 1 | AU29: 3 | AV29: 18 | AW29: 6 | AX29: 8 | AY29: 1 | AZ29: 25 | BA29: 3 | BB29: 1 | BC29: 1 | BD29: 4 | BE29: 2 | BF29: 3 | BG29: 3
A30: 46007 | B30: 71 | C30: 3214 | D30: 1597 | E30: 20406 | F30: 4628 | G30: 3657 | H30: 1225 | I30: 347 | J30: 923 | K30: 1373 | L30: 13 | M30: 56 | N30: 3946 | O30: 506 | P30: 889 | Q30: 32 | R30: 450 | S30: 689 | T30: 119 | U30: 99 | V30: 50 | W30: 74 | X30: 60 | Y30: 63 | Z30: 127 | AA30: 346 | AB30: 16 | AC30: 46 | AD30: 136 | AE30: 33 | AF30: 24 | AG30: 74 | AH30: 88 | AI30: 65 | AJ30: 13 | AK30: 136 | AL30: 194 | AM30: 1 | AN30: 24 | AO30: 1 | AP30: 57 | AQ30: 12 | AR30: 9 | AS30: 7 | AT30: 1 | AU30: 3 | AV30: 18 | AW30: 6 | AX30: 8 | AY30: 1 | AZ30: 25 | BA30: 4 | BB30: 1 | BC30: 1 | BD30: 4 | BE30: 2 | BF30: 3 | BG30: 3
A31: 46014 | B31: 71 | C31: 3141 | D31: 1612 | E31: 20447 | F31: 4624 | G31: 3667 | H31: 1222 | I31: 308 | J31: 921 | K31: 1365 | L31: 13 | M31: 55 | N31: 3952 | O31: 481 | P31: 884 | Q31: 32 | R31: 430 | S31: 682 | T31: 112 | U31: 99 | V31: 50 | W31: 81 | X31: 62 | Y31: 65 | Z31: 126 | AA31: 347 | AB31: 15 | AC31: 47 | AD31: 123 | AE31: 36 | AF31: 25 | AG31: 74 | AH31: 88 | AI31: 65 | AJ31: 13 | AK31: 138 | AL31: 193 | AM31: 1 | AN31: 24 | AO31: 1 | AP31: 53 | AQ31: 12 | AR31: 9 | AS31: 7 | AT31: 1 | AU31: 3 | AV31: 18 | AW31: 7 | AX31: 8 | AY31: 1 | AZ31: 25 | BA31: 3 | BB31: 1 | BC31: 2 | BD31: 4 | BE31: 2 | BF31: 3 | BG31: 3
A32: 46021 | B32: 71 | C32: 3132 | D32: 1594 | E32: 19384 | F32: 4581 | G32: 3551 | H32: 1215 | I32: 340 | J32: 918 | K32: 1335 | L32: 13 | M32: 55 | N32: 4024 | O32: 470 | P32: 885 | Q32: 30 | R32: 442 | S32: 627 | T32: 87 | U32: 99 | V32: 70 | W32: 78 | X32: 60 | Y32: 63 | Z32: 126 | AA32: 348 | AB32: 15 | AC32: 47 | AD32: 119 | AE32: 35 | AF32: 24 | AG32: 73 | AH32: 88 | AI32: 65 | AJ32: 13 | AK32: 136 | AL32: 195 | AM32: 1 | AN32: 24 | AO32: 1 | AP32: 52 | AQ32: 12 | AR32: 9 | AS32: 7 | AT32: 1 | AU32: 3 | AV32: 18 | AW32: 7 | AX32: 8 | AY32: 1 | AZ32: 25 | BA32: 3 | BB32: 1 | BC32: 2 | BD32: 4 | BE32: 2 | BF32: 3 | BG32: 3
A33: 46028 | B33: 71 | C33: 3075 | D33: 1584 | E33: 19139 | F33: 4389 | G33: 3534 | H33: 1188 | I33: 326 | J33: 926 | K33: 1351 | L33: 13 | M33: 55 | N33: 3924 | O33: 480 | P33: 833 | Q33: 30 | R33: 424 | S33: 626 | T33: 88 | U33: 98 | V33: 50 | W33: 81 | X33: 59 | Y33: 62 | Z33: 126 | AA33: 345 | AB33: 17 | AC33: 47 | AD33: 108 | AE33: 29 | AF33: 17 | AG33: 73 | AH33: 88 | AI33: 69 | AJ33: 8 | AK33: 137 | AL33: 189 | AM33: 1 | AN33: 24 | AO33: 1 | AP33: 55 | AQ33: 12 | AR33: 9 | AS33: 7 | AT33: 1 | AU33: 3 | AV33: 18 | AW33: 8 | AX33: 8 | AY33: 1 | AZ33: 25 | BA33: 3 | BB33: 1 | BC33: 2 | BD33: 4 | BE33: 2 | BF33: 3 | BG33: 3
A34: 46035 | B34: 71 | C34: 3146 | D34: 1561 | E34: 19220 | F34: 4666 | G34: 3529 | H34: 1216 | I34: 335 | J34: 924 | K34: 1350 | L34: 13 | M34: 55 | N34: 3883 | O34: 481 | P34: 823 | Q34: 29 | R34: 420 | S34: 625 | T34: 89 | U34: 100 | V34: 70 | W34: 83 | X34: 62 | Y34: 65 | Z34: 126 | AA34: 342 | AB34: 17 | AC34: 46 | AD34: 101 | AE34: 35 | AF34: 23 | AG34: 72 | AH34: 88 | AI34: 70 | AJ34: 8 | AK34: 136 | AL34: 189 | AM34: 1 | AN34: 24 | AO34: 1 | AP34: 65 | AQ34: 12 | AR34: 9 | AS34: 8 | AT34: 1 | AU34: 3 | AV34: 18 | AW34: 8 | AX34: 8 | AY34: 1 | AZ34: 29 | BA34: 3 | BB34: 1 | BC34: 2 | BD34: 4 | BE34: 2 | BF34: 3 | BG34: 3
A35: 46042 | B35: 70 | C35: 3117 | D35: 1579 | E35: 19391 | F35: 4694 | G35: 3554 | H35: 1117 | I35: 326 | J35: 945 | K35: 1366 | L35: 13 | M35: 55 | N35: 3900 | O35: 480 | P35: 839 | Q35: 28 | R35: 419 | S35: 548 | T35: 90 | U35: 100 | V35: 50 | W35: 84 | X35: 60 | Y35: 63 | Z35: 125 | AA35: 342 | AB35: 13 | AC35: 47 | AD35: 89 | AE35: 32 | AF35: 23 | AG35: 72 | AH35: 88 | AI35: 69 | AJ35: 8 | AK35: 135 | AL35: 192 | AM35: 1 | AN35: 24 | AO35: 1 | AP35: 62 | AQ35: 12 | AR35: 9 | AS35: 7 | AT35: 1 | AU35: 3 | AV35: 17 | AW35: 9 | AX35: 8 | AY35: 1 | AZ35: 25 | BA35: 3 | BB35: 1 | BC35: 2 | BD35: 4 | BE35: 2 | BF35: 3 | BG35: 3
A36: 46049 | B36: 70 | C36: 3080 | D36: 1544 | E36: 19212 | F36: 4741 | G36: 3404 | H36: 1103 | I36: 370 | J36: 945 | K36: 1363 | L36: 13 | M36: 53 | N36: 4006 | O36: 480 | P36: 849 | Q36: 30 | R36: 425 | S36: 454 | T36: 89 | U36: 93 | V36: 70 | W36: 79 | X36: 56 | Y36: 59 | Z36: 125 | AA36: 342 | AB36: 14 | AC36: 47 | AD36: 94 | AE36: 31 | AF36: 21 | AG36: 73 | AH36: 88 | AI36: 67 | AJ36: 8 | AK36: 134 | AL36: 196 | AM36: 1 | AN36: 24 | AO36: 1 | AP36: 57 | AQ36: 11 | AR36: 9 | AS36: 7 | AT36: 1 | AU36: 3 | AV36: 17 | AW36: 8 | AX36: 8 | AY36: 1 | AZ36: 25 | BA36: 10 | BB36: 1 | BC36: 2 | BD36: 4 | BE36: 2 | BF36: 3 | BG36: 3
A37: 46056 | B37: 72 | C37: 3067 | D37: 1619 | E37: 19195 | F37: 4713 | G37: 3544 | H37: 1110 | I37: 374 | J37: 922 | K37: 1337 | L37: 13 | M37: 52 | N37: 3908 | O37: 482 | P37: 864 | Q37: 30 | R37: 413 | S37: 411 | T37: 84 | U37: 99 | V37: 70 | W37: 76 | X37: 63 | Y37: 66 | Z37: 119 | AA37: 346 | AB37: 17 | AC37: 47 | AD37: 89 | AE37: 32 | AF37: 22 | AG37: 73 | AH37: 88 | AI37: 66 | AJ37: 9 | AK37: 134 | AL37: 199 | AM37: 1 | AN37: 24 | AO37: 1 | AP37: 45 | AQ37: 11 | AR37: 9 | AS37: 7 | AT37: 1 | AU37: 3 | AV37: 17 | AW37: 7 | AX37: 8 | AY37: 1 | AZ37: 25 | BA37: 8 | BB37: 1 | BC37: 2 | BD37: 4 | BE37: 2 | BF37: 3 | BG37: 3
A38: 46063 | B38: 71 | C38: 3062 | D38: 1566 | E38: 19128 | F38: 4697 | G38: 3552 | H38: 1071 | I38: 363 | J38: 924 | K38: 1337 | L38: 13 | M38: 52 | N38: 3940 | O38: 479 | P38: 842 | Q38: 30 | R38: 409 | S38: 325 | T38: 85 | U38: 101 | V38: 70 | W38: 82 | X38: 61 | Y38: 64 | Z38: 120 | AA38: 536 | AB38: 16 | AC38: 46 | AD38: 93 | AE38: 33 | AF38: 23 | AG38: 81 | AH38: 87 | AI38: 65 | AJ38: 9 | AK38: 134 | AL38: 192 | AM38: 1 | AN38: 24 | AO38: 1 | AP38: 42 | AQ38: 11 | AR38: 9 | AS38: 7 | AT38: 1 | AU38: 3 | AV38: 17 | AW38: 8 | AX38: 8 | AY38: 1 | AZ38: 2 | BA38: 3 | BB38: 1 | BC38: 2 | BD38: 4 | BE38: 1 | BF38: 3 | BG38: 3
A39: 46070 | B39: 72 | C39: 3029 | D39: 1577 | E39: 19254 | F39: 4646 | G39: 3564 | H39: 1098 | I39: 357 | J39: 927 | K39: 1331 | L39: 14 | M39: 49 | N39: 3907 | O39: 480 | P39: 873 | Q39: 33 | R39: 416 | S39: 272 | T39: 82 | U39: 102 | V39: 70 | W39: 79 | X39: 61 | Y39: 64 | Z39: 120 | AA39: 440 | AB39: 15 | AC39: 45 | AD39: 85 | AE39: 31 | AF39: 22 | AG39: 72 | AH39: 88 | AI39: 63 | AJ39: 10 | AK39: 130 | AL39: 195 | AM39: 1 | AN39: 24 | AO39: 1 | AP39: 42 | AQ39: 11 | AR39: 9 | AS39: 7 | AT39: 1 | AU39: 3 | AV39: 16 | AW39: 9 | AX39: 8 | AY39: 1 | AZ39: 2 | BA39: 3 | BB39: 1 | BC39: 2 | BD39: 4 | BE39: 1 | BF39: 4 | BG39: 3
A40: 46077 | B40: 71 | C40: 3048 | D40: 1585 | E40: 19404 | F40: 4693 | G40: 3664 | H40: 1108 | I40: 348 | J40: 947 | K40: 1343 | L40: 13 | M40: 49 | N40: 3876 | O40: 476 | P40: 875 | Q40: 29 | R40: 395 | S40: 280 | T40: 81 | U40: 106 | V40: 70 | W40: 78 | X40: 60 | Y40: 67 | Z40: 120 | AA40: 436 | AB40: 2 | AC40: 47 | AD40: 79 | AE40: 29 | AF40: 22 | AG40: 72 | AH40: 88 | AI40: 66 | AJ40: 11 | AK40: 133 | AL40: 195 | AM40: 1 | AN40: 24 | AO40: 1 | AP40: 42 | AQ40: 11 | AR40: 9 | AS40: 7 | AT40: 1 | AU40: 3 | AV40: 17 | AW40: 9 | AX40: 8 | AY40: 1 | AZ40: 2 | BA40: 3 | BB40: 1 | BC40: 2 | BD40: 4 | BE40: 2 | BF40: 4 | BG40: 3
... A43: 46098 | B43: 71 | C43: 3325 | D43: 1457 | E43: 19954 | F43: 5110 | G43: 3666 | H43: 1039 | I43: 381 | J43: 902 | K43: 1295 | L43: 14 | M43: 50 | N43: 3814 | O43: 488 | P43: 861 | Q43: 30 | R43: 376 | S43: 278 | T43: 87 | U43: 106 | V43: 68 | W43: 78 | X43: 64 | Y43: 67 | Z43: 121 | AA43: 492 | AB43: 2 | AC43: 47 | AD43: 90 | AE43: 35 | AF43: 21 | AG43: 76 | AH43: 88 | AI43: 62 | AJ43: 11 | AK43: 129 | AL43: 207 | AM43: 1 | AN43: 23 | AO43: 1 | AP43: 244 | AQ43: 5 | AR43: 9 | AS43: 6 | AT43: 1 | AU43: 3 | AV43: 17 | AW43: 9 | AX43: 8 | AY43: 1 | AZ43: 2 | BA43: 5 | BB43: 1 | BC43: 2 | BD43: 4 | BE43: 2 | BF43: 3 | BG43: 2
A44: 46105 | B44: 71 | C44: 3036 | D44: 1431 | E44: 19395 | F44: 5113 | G44: 3603 | H44: 1033 | I44: 410 | J44: 902 | K44: 1294 | L44: 14 | M44: 51 | N44: 3875 | O44: 490 | P44: 852 | Q44: 31 | R44: 378 | S44: 280 | T44: 87 | U44: 106 | V44: 68 | W44: 73 | X44: 62 | Y44: 65 | Z44: 123 | AA44: 491 | AB44: 2 | AC44: 45 | AD44: 98 | AE44: 31 | AF44: 23 | AG44: 76 | AH44: 86 | AI44: 61 | AJ44: 10 | AK44: 131 | AL44: 190 | AM44: 1 | AN44: 23 | AO44: 1 | AP44: 34 | AQ44: 5 | AR44: 9 | AS44: 6 | AT44: 1 | AU44: 3 | AV44: 17 | AW44: 9 | AX44: 8 | AY44: 1 | AZ44: 2 | BA44: 3 | BC44: 1 | BD44: 4 | BE44: 2 | BF44: 3 | BG44: 2
A45: 46112 | B45: 72 | C45: 3090 | D45: 1418 | E45: 19514 | F45: 5278 | G45: 3596 | H45: 1058 | I45: 392 | J45: 924 | K45: 1316 | L45: 14 | M45: 51 | N45: 3770 | O45: 487 | P45: 850 | Q45: 31 | R45: 370 | S45: 280 | T45: 86 | U45: 107 | V45: 66 | W45: 72 | X45: 63 | Y45: 70 | Z45: 144 | AA45: 493 | AB45: 2 | AC45: 45 | AD45: 107 | AE45: 31 | AF45: 22 | AG45: 76 | AH45: 86 | AI45: 62 | AJ45: 10 | AK45: 131 | AL45: 193 | AM45: 1 | AN45: 23 | AO45: 1 | AP45: 35 | AQ45: 5 | AR45: 9 | AS45: 6 | AT45: 1 | AU45: 3 | AV45: 17 | AW45: 9 | AX45: 8 | AY45: 1 | AZ45: 2 | BA45: 3 | BC45: 1 | BD45: 4 | BE45: 2 | BF45: 3 | BG45: 2

Sheet 1_a_számtani_közép
A3: Values | D3: =_xlfn.FORMULATEXT(D4) -> =LINEST(B4:B47,,TRUE,TRUE)
A4: Average of 2025-06-03 | B4: 72.767475 | D4: {=LINEST(B4:B47,,TRUE,TRUE)} -> -0.21485234 | E4: 71.102982
A5: Average of 2025-06-10 | B5: 73.146933 | D5: 0.012507332 | E5: 0.32313971
A6: Average of 2025-06-17 | B6: 71.758916 | D6: 0.87540326 | E6: 1.0535154
A7: Average of 2025-06-24 | B7: 70.161198 | D7: 295.08747 | E7: 42
A8: Average of 2025-07-01 | B8: 70.21398 | D8: 327.51603 | E8: 46.615578
A9: Average of 2025-07-08 | B9: 70.114123
A10: Average of 2025-07-15 | B10: 69.994294 | D10: =_xlfn.FORMULATEXT(D11) -> =LOGEST(B4:B47,,TRUE,TRUE)
A11: Average of 2025-07-22 | B11: 69.88873 | D11: {=LOGEST(B4:B47,,TRUE,TRUE)} -> 0.99679031 | E11: 71.172053
A12: Average of 2025-07-29 | B12: 68.161198 | D12: 0.00018252207 | E12: 0.0047156442
A13: Average of 2025-08-05 | B13: 69.666191 | D13: 0.8807617 | E13: 0.015374167
A14: Average of 2025-08-12 | B14: 69.360913 | D14: 310.23581 | E14: 42
A15: Average of 2025-08-19 | B15: 67.313837 | D15: 0.07332889 | E15: 0.0099273306
A16: Average of 2025-08-26 | B16: 67.226819
A17: Average of 2025-09-02 | B17: 67.624822
A18: Average of 2025-09-09 | B18: 67.486448
A19: Average of 2025-09-16 | B19: 66.885877
A20: Average of 2025-09-23 | B20: 66.931526
A21: Average of 2025-09-30 | B21: 66.971469
A22: Average of 2025-10-07 | B22: 65.415121
A23: Average of 2025-10-14 | B23: 65.887304
A24: Average of 2025-10-21 | B24: 66.738944
A25: Average of 2025-10-28 | B25: 65.643367
A26: Average of 2025-11-04 | B26: 65.011412
A27: Average of 2025-11-11 | B27: 65.738944
... A47: Average of 2026-03-31 | B47: 63.536377

Sheet 1_b_medián
A1: 45811 | B1: =MEDIAN(analytical_sample_p99[2025-06-03]) -> 47 | D1: =_xlfn.FORMULATEXT(D2) -> =LINEST(B1:B44,,TRUE,TRUE)
A2: 45818 | B2: =MEDIAN(analytical_sample_p99[2025-06-10]) -> 46 | D2: {=LINEST(B1:B44,,TRUE,TRUE)} -> -0.19217759 | E2: 47.028541
A3: 45825 | B3: =MEDIAN(analytical_sample_p99[2025-06-17]) -> 46 | D3: 0.0091823054 | E3: 0.23723424
A4: 45832 | B4: =MEDIAN(analytical_sample_p99[2025-06-24]) -> 46 | D4: 0.91250513 | E4: 0.77344232
A5: 45839 | B5: =MEDIAN(analytical_sample_p99[2025-07-01]) -> 45 | D5: 438.02815 | E5: 42
A6: 45846 | B6: =MEDIAN(analytical_sample_p99[2025-07-08]) -> 45 | D6: 262.03414 | E6: 25.124947
A7: 45853 | B7: =MEDIAN(analytical_sample_p99[2025-07-15]) -> 45
A8: 45860 | B8: =MEDIAN(analytical_sample_p99[2025-07-22]) -> 46 | D8: =_xlfn.FORMULATEXT(D9) -> =LOGEST(B1:B44,,TRUE,TRUE)
A9: 45867 | B9: =MEDIAN(analytical_sample_p99[2025-07-29]) -> 45 | D9: {=LOGEST(B1:B44,,TRUE,TRUE)} -> 0.99548146 | E9: 47.200127
A10: 45874 | B10: =MEDIAN(analytical_sample_p99[2025-08-05]) -> 46 | D10: 0.0002182078 | E10: 0.0056376213
A11: 45881 | B11: =MEDIAN(analytical_sample_p99[2025-08-12]) -> 45 | D11: 0.91115746 | E11: 0.01838004
A12: 45888 | B12: =MEDIAN(analytical_sample_p99[2025-08-19]) -> 44 | D12: 430.7465 | E12: 42
A13: 45895 | B13: =MEDIAN(analytical_sample_p99[2025-08-26]) -> 44 | D13: 0.14551732 | E13: 0.014188687
A14: 45902 | B14: =MEDIAN(analytical_sample_p99[2025-09-02]) -> 44
A15: 45909 | B15: =MEDIAN(analytical_sample_p99[2025-09-09]) -> 45
A16: 45916 | B16: =MEDIAN(analytical_sample_p99[2025-09-16]) -> 45
A17: 45923 | B17: =MEDIAN(analytical_sample_p99[2025-09-23]) -> 44
A18: 45930 | B18: =MEDIAN(analytical_sample_p99[2025-09-30]) -> 44
A19: 45937 | B19: =MEDIAN(analytical_sample_p99[2025-10-07]) -> 44
A20: 45944 | B20: =MEDIAN(analytical_sample_p99[2025-10-14]) -> 44
A21: 45951 | B21: =MEDIAN(analytical_sample_p99[2025-10-21]) -> 44
A22: 45958 | B22: =MEDIAN(analytical_sample_p99[2025-10-28]) -> 44
A23: 45965 | B23: =MEDIAN(analytical_sample_p99[2025-11-04]) -> 44
A24: 45972 | B24: =MEDIAN(analytical_sample_p99[2025-11-11]) -> 45
A25: 45979 | B25: =MEDIAN(analytical_sample_p99[2025-11-18]) -> 42
A26: 45986 | B26: =MEDIAN(analytical_sample_p99[2025-11-25]) -> 42
A27: 45993 | B27: =MEDIAN(analytical_sample_p99[2025-12-02]) -> 41
A28: 46000 | B28: =MEDIAN(analytical_sample_p99[2025-12-09]) -> 41
A29: 46007 | B29: =MEDIAN(analytical_sample_p99[2025-12-16]) -> 41
A30: 46014 | B30: =MEDIAN(analytical_sample_p99[2025-12-23]) -> 41
A31: 46021 | B31: =MEDIAN(analytical_sample_p99[2025-12-30]) -> 40
A32: 46028 | B32: =MEDIAN(analytical_sample_p99[2026-01-06]) -> 40
A33: 46035 | B33: =MEDIAN(analytical_sample_p99[2026-01-13]) -> 41
A34: 46042 | B34: =MEDIAN(analytical_sample_p99[2026-01-20]) -> 40
A35: 46049 | B35: =MEDIAN(analytical_sample_p99[2026-01-27]) -> 40
A36: 46056 | B36: =MEDIAN(analytical_sample_p99[2026-02-03]) -> 40
A37: 46063 | B37: =MEDIAN(analytical_sample_p99[2026-02-10]) -> 39
A38: 46070 | B38: =MEDIAN(analytical_sample_p99[2026-02-17]) -> 39
A39: 46077 | B39: =MEDIAN(analytical_sample_p99[2026-02-24]) -> 40
A40: 46084 | B40: =MEDIAN(analytical_sample_p99[2026-03-03]) -> 39
A41: 46091 | B41: =MEDIAN(analytical_sample_p99[2026-03-10]) -> 39
A42: 46098 | B42: =MEDIAN(analytical_sample_p99[2026-03-17]) -> 39
A43: 46105 | B43: =MEDIAN(analytical_sample_p99[2026-03-24]) -> 39
A44: 46112 | B44: =MEDIAN(analytical_sample_p99[2026-03-31]) -> 39

Sheet Wilcoxon
A1: Wilcoxon-féle előjeles rangpróba próbastatisztikája (T)
A2: {=[1]!SRANK(analytical_sample_p99[2025-06-03],analytical_sample_p99[2026-03-31])} -> 57387
A3: egyoldali p-érték
A4: {=[1]!SRTEST(analytical_sample_p99[2025-06-03],analytical_sample_p99[2026-03-31],1,TRUE,TRUE)} -> 1.1613081e-07

Sheet 1_c_töréspont
A1: 2025-06-03 - 2025-08-12 | B1: =INDEX(LOGEST('1_a_számtani_közép'!B4:B14,,TRUE,TRUE),1,1) -> 0.99456054 | C1: =INDEX(LOGEST('1_a_számtani_közép'!B4:B14,,TRUE,TRUE),3,1) -> 0.74150951 | E1: 2 | G1: =INDEX(LOGEST('1_a_számtani_közép'!B$4:INDEX('1_a_számtani_közép'!B:B,E1+3),,TRUE,TRUE),1,1) -> 1.0052147 | H1: =INDEX(LOGEST('1_a_számtani_közép'!B$4:INDEX('1_a_számtani_közép'!B:B,E1+3),,TRUE,TRUE),3,1) -> 1 | J1: =INDEX(LOGEST(INDEX('1_a_számtani_közép'!B:B,E1+4):'1_a_számtani_közép'!B$47,,TRUE,TRUE),1,1) -> 0.99699998 | K1: =INDEX(LOGEST(INDEX('1_a_számtani_közép'!B:B,E1+4):'1_a_számtani_közép'!B$47,,TRUE,TRUE),3,1) -> 0.87738779 | M1: =$J1-$G1 -> -0.0082146819
A2: 2025-08-19 - 2025-10-28 | B2: =INDEX(LOGEST('1_a_számtani_közép'!B15:B25,,TRUE,TRUE),1,1) -> 0.99733142 | C2: =INDEX(LOGEST('1_a_számtani_közép'!B15:B25,,TRUE,TRUE),3,1) -> 0.60883562 | E2: 3 | G2: =INDEX(LOGEST('1_a_számtani_közép'!B$4:INDEX('1_a_számtani_közép'!B:B,E2+3),,TRUE,TRUE),1,1) -> 0.99304581 | H2: =INDEX(LOGEST('1_a_számtani_közép'!B$4:INDEX('1_a_számtani_közép'!B:B,E2+3),,TRUE,TRUE),3,1) -> 0.49618795 | J2: =INDEX(LOGEST(INDEX('1_a_számtani_közép'!B:B,E2+4):'1_a_számtani_közép'!B$47,,TRUE,TRUE),1,1) -> 0.99708599 | K2: =INDEX(LOGEST(INDEX('1_a_számtani_közép'!B:B,E2+4):'1_a_számtani_közép'!B$47,,TRUE,TRUE),3,1) -> 0.8720545 | M2: =$J2-$G2 -> 0.0040401794
A3: 2025-11-04 - 2026-01-13 | B3: =INDEX(LOGEST('1_a_számtani_közép'!B26:B36,,TRUE,TRUE),1,1) -> 0.99648476 | C3: =INDEX(LOGEST('1_a_számtani_közép'!B26:B36,,TRUE,TRUE),3,1) -> 0.44145455 | E3: 4 | G3: =INDEX(LOGEST('1_a_számtani_közép'!B$4:INDEX('1_a_számtani_közép'!B:B,E3+3),,TRUE,TRUE),1,1) -> 0.9872244 | H3: =INDEX(LOGEST('1_a_számtani_közép'!B$4:INDEX('1_a_számtani_közép'!B:B,E3+3),,TRUE,TRUE),3,1) -> 0.79426324 | J3: =INDEX(LOGEST(INDEX('1_a_számtani_közép'!B:B,E3+4):'1_a_számtani_közép'!B$47,,TRUE,TRUE),1,1) -> 0.9971104 | K3: =INDEX(LOGEST(INDEX('1_a_számtani_közép'!B:B,E3+4):'1_a_számtani_közép'!B$47,,TRUE,TRUE),3,1) -> 0.86230238 | M3: =$J3-$G3 -> 0.0098859925 | N3: =$J3-$G3 -> 0.0098859925
A4: 2026-01-20 - 2026-03-31 | B4: =INDEX(LOGEST('1_a_számtani_közép'!B37:B47,,TRUE,TRUE),1,1) -> 1.0015919 | C4: =INDEX(LOGEST('1_a_számtani_közép'!B37:B47,,TRUE,TRUE),3,1) -> 0.30223476 | E4: 5 | G4: =INDEX(LOGEST('1_a_számtani_közép'!B$4:INDEX('1_a_számtani_közép'!B:B,E4+3),,TRUE,TRUE),1,1) -> 0.98875193 | H4: =INDEX(LOGEST('1_a_számtani_közép'!B$4:INDEX('1_a_számtani_közép'!B:B,E4+3),,TRUE,TRUE),3,1) -> 0.84315664 | J4: =INDEX(LOGEST(INDEX('1_a_számtani_közép'!B:B,E4+4):'1_a_számtani_közép'!B$47,,TRUE,TRUE),1,1) -> 0.99715348 | K4: =INDEX(LOGEST(INDEX('1_a_számtani_közép'!B:B,E4+4):'1_a_számtani_közép'!B$47,,TRUE,TRUE),3,1) -> 0.85148738 | M4: =$J4-$G4 -> 0.0084015481 | N4: =$J4-$G4 -> 0.0084015481
E5: 6 | G5: =INDEX(LOGEST('1_a_számtani_közép'!B$4:INDEX('1_a_számtani_közép'!B:B,E5+3),,TRUE,TRUE),1,1) -> 0.99058718 | H5: =INDEX(LOGEST('1_a_számtani_közép'!B$4:INDEX('1_a_számtani_közép'!B:B,E5+3),,TRUE,TRUE),3,1) -> 0.83102625 | J5: =INDEX(LOGEST(INDEX('1_a_számtani_közép'!B:B,E5+4):'1_a_számtani_közép'!B$47,,TRUE,TRUE),1,1) -> 0.99720981 | K5: =INDEX(LOGEST(INDEX('1_a_számtani_közép'!B:B,E5+4):'1_a_számtani_közép'!B$47,,TRUE,TRUE),3,1) -> 0.8397654 | M5: =$J5-$G5 -> 0.0066226346 | N5: =$J5-$G5 -> 0.0066226346 | O5: =$J5-$G5 -> 0.0066226346
A6: 2025-06-03 - 2025-12-30 | B6: =INDEX(LOGEST('1_a_számtani_közép'!B4:B34,,TRUE,TRUE),1,1) -> 0.996202 | C6: =INDEX(LOGEST('1_a_számtani_közép'!B4:B34,,TRUE,TRUE),3,1) -> 0.88726833 | E6: 7 | G6: =INDEX(LOGEST('1_a_számtani_közép'!B$4:INDEX('1_a_számtani_közép'!B:B,E6+3),,TRUE,TRUE),1,1) -> 0.99206654 | H6: =INDEX(LOGEST('1_a_számtani_közép'!B$4:INDEX('1_a_számtani_közép'!B:B,E6+3),,TRUE,TRUE),3,1) -> 0.80797231 | J6: =INDEX(LOGEST(INDEX('1_a_számtani_közép'!B:B,E6+4):'1_a_számtani_közép'!B$47,,TRUE,TRUE),1,1) -> 0.99728065 | K6: =INDEX(LOGEST(INDEX('1_a_számtani_közép'!B:B,E6+4):'1_a_számtani_közép'!B$47,,TRUE,TRUE),3,1) -> 0.82727506 | M6: =$J6-$G6 -> 0.0052141119 | N6: =$J6-$G6 -> 0.0052141119 | O6: =$J6-$G6 -> 0.0052141119
A7: 2026-01-06 - 2026-03-31 | B7: =INDEX(LOGEST('1_a_számtani_közép'!B35:B47,,TRUE,TRUE),1,1) -> 1.0012955 | C7: =INDEX(LOGEST('1_a_számtani_közép'!B35:B47,,TRUE,TRUE),3,1) -> 0.30175107 | E7: 8 | G7: =INDEX(LOGEST('1_a_számtani_közép'!B$4:INDEX('1_a_számtani_közép'!B:B,E7+3),,TRUE,TRUE),1,1) -> 0.99321779 | H7: =INDEX(LOGEST('1_a_számtani_közép'!B$4:INDEX('1_a_számtani_közép'!B:B,E7+3),,TRUE,TRUE),3,1) -> 0.78422868 | J7: =INDEX(LOGEST(INDEX('1_a_számtani_közép'!B:B,E7+4):'1_a_számtani_közép'!B$47,,TRUE,TRUE),1,1) -> 0.99736975 | K7: =INDEX(LOGEST(INDEX('1_a_számtani_közép'!B:B,E7+4):'1_a_számtani_közép'!B$47,,TRUE,TRUE),3,1) -> 0.81449869 | M7: =$J7-$G7 -> 0.0041519646 | N7: =$J7-$G7 -> 0.0041519646 | O7: =$J7-$G7 -> 0.0041519646 | P7: =$J7-$G7 -> 0.0041519646
E8: 9 | G8: =INDEX(LOGEST('1_a_számtani_közép'!B$4:INDEX('1_a_számtani_közép'!B:B,E8+3),,TRUE,TRUE),1,1) -> 0.9925489 | H8: =INDEX(LOGEST('1_a_számtani_közép'!B$4:INDEX('1_a_számtani_közép'!B:B,E8+3),,TRUE,TRUE),3,1) -> 0.8486121 | J8: =INDEX(LOGEST(INDEX('1_a_számtani_közép'!B:B,E8+4):'1_a_számtani_közép'!B$47,,TRUE,TRUE),1,1) -> 0.9973624 | K8: =INDEX(LOGEST(INDEX('1_a_számtani_közép'!B:B,E8+4):'1_a_számtani_közép'!B$47,,TRUE,TRUE),3,1) -> 0.80233116 | M8: =$J8-$G8 -> 0.004813503 | N8: =$J8-$G8 -> 0.004813503 | O8: =$J8-$G8 -> 0.004813503 | P8: =$J8-$G8 -> 0.004813503
A9: 2025-06-03 - 2026-01-20 | B9: =INDEX(LOGEST('1_a_számtani_közép'!B4:B37,,TRUE,TRUE),1,1) -> 0.99613416 | C9: =INDEX(LOGEST('1_a_számtani_közép'!B4:B37,,TRUE,TRUE),3,1) -> 0.91093025 | E9: 10 | G9: =INDEX(LOGEST('1_a_számtani_közép'!B$4:INDEX('1_a_számtani_közép'!B:B,E9+3),,TRUE,TRUE),1,1) -> 0.99379656 | H9: =INDEX(LOGEST('1_a_számtani_közép'!B$4:INDEX('1_a_számtani_közép'!B:B,E9+3),,TRUE,TRUE),3,1) -> 0.7715502 | J9: =INDEX(LOGEST(INDEX('1_a_számtani_közép'!B:B,E9+4):'1_a_számtani_közép'!B$47,,TRUE,TRUE),1,1) -> 0.99748426 | K9: =INDEX(LOGEST(INDEX('1_a_számtani_közép'!B:B,E9+4):'1_a_számtani_közép'!B$47,,TRUE,TRUE),3,1) -> 0.78911633 | M9: =$J9-$G9 -> 0.0036876975 | N9: =$J9-$G9 -> 0.0036876975 | O9: =$J9-$G9 -> 0.0036876975 | P9: =$J9-$G9 -> 0.0036876975 | Q9: =$J9-$G9 -> 0.0036876975
A10: 2026-01-27 - 2026-03-31 | B10: =INDEX(LOGEST('1_a_számtani_közép'!B38:B47,,TRUE,TRUE),1,1) -> 1.0021755 | C10: =INDEX(LOGEST('1_a_számtani_közép'!B38:B47,,TRUE,TRUE),3,1) -> 0.42341849 | E10: 11 | G10: =INDEX(LOGEST('1_a_számtani_közép'!B$4:INDEX('1_a_számtani_közép'!B:B,E10+3),,TRUE,TRUE),1,1) -> 0.99456054 | H10: =INDEX(LOGEST('1_a_számtani_közép'!B$4:INDEX('1_a_számtani_közép'!B:B,E10+3),,TRUE,TRUE),3,1) -> 0.74150951 | J10: =INDEX(LOGEST(INDEX('1_a_számtani_közép'!B:B,E10+4):'1_a_számtani_közép'!B$47,,TRUE,TRUE),1,1) -> 0.99761906 | K10: =INDEX(LOGEST(INDEX('1_a_számtani_közép'!B:B,E10+4):'1_a_számtani_közép'!B$47,,TRUE,TRUE),3,1) -> 0.77586615 | M10: =$J10-$G10 -> 0.0030585169 | N10: =$J10-$G10 -> 0.0030585169 | O10: =$J10-$G10 -> 0.0030585169 | P10: =$J10-$G10 -> 0.0030585169 | Q10: =$J10-$G10 -> 0.0030585169
E11: 12 | G11: =INDEX(LOGEST('1_a_számtani_közép'!B$4:INDEX('1_a_számtani_közép'!B:B,E11+3),,TRUE,TRUE),1,1) -> 0.99406428 | H11: =INDEX(LOGEST('1_a_számtani_közép'!B$4:INDEX('1_a_számtani_közép'!B:B,E11+3),,TRUE,TRUE),3,1) -> 0.80095792 | J11: =INDEX(LOGEST(INDEX('1_a_számtani_közép'!B:B,E11+4):'1_a_számtani_közép'!B$47,,TRUE,TRUE),1,1) -> 0.99761439 | K11: =INDEX(LOGEST(INDEX('1_a_számtani_közép'!B:B,E11+4):'1_a_számtani_közép'!B$47,,TRUE,TRUE),3,1) -> 0.76013526 | M11: =$J11-$G11 -> 0.0035501114 | N11: =$J11-$G11 -> 0.0035501114 | O11: =$J11-$G11 -> 0.0035501114 | P11: =$J11-$G11 -> 0.0035501114 | Q11: =$J11-$G11 -> 0.0035501114
E12: 13 | G12: =INDEX(LOGEST('1_a_számtani_közép'!B$4:INDEX('1_a_számtani_közép'!B:B,E12+3),,TRUE,TRUE),1,1) -> 0.99391714 | H12: =INDEX(LOGEST('1_a_számtani_közép'!B$4:INDEX('1_a_számtani_közép'!B:B,E12+3),,TRUE,TRUE),3,1) -> 0.84171344 | J12: =INDEX(LOGEST(INDEX('1_a_számtani_közép'!B:B,E12+4):'1_a_számtani_közép'!B$47,,TRUE,TRUE),1,1) -> 0.99761581 | K12: =INDEX(LOGEST(INDEX('1_a_számtani_közép'!B:B,E12+4):'1_a_számtani_közép'!B$47,,TRUE,TRUE),3,1) -> 0.74210378 | M12: =$J12-$G12 -> 0.0036986718 | N12: =$J12-$G12 -> 0.0036986718 | O12: =$J12-$G12 -> 0.0036986718 | P12: =$J12-$G12 -> 0.0036986718 | Q12: =$J12-$G12 -> 0.0036986718
E13: 14 | G13: =INDEX(LOGEST('1_a_számtani_közép'!B$4:INDEX('1_a_számtani_közép'!B:B,E13+3),,TRUE,TRUE),1,1) -> 0.99416558 | H13: =INDEX(LOGEST('1_a_számtani_közép'!B$4:INDEX('1_a_számtani_közép'!B:B,E13+3),,TRUE,TRUE),3,1) -> 0.85406911 | J13: =INDEX(LOGEST(INDEX('1_a_számtani_közép'!B:B,E13+4):'1_a_számtani_közép'!B$47,,TRUE,TRUE),1,1) -> 0.99767457 | K13: =INDEX(LOGEST(INDEX('1_a_számtani_közép'!B:B,E13+4):'1_a_számtani_közép'!B$47,,TRUE,TRUE),3,1) -> 0.71618274 | M13: =$J13-$G13 -> 0.0035089883 | N13: =$J13-$G13 -> 0.0035089883 | O13: =$J13-$G13 -> 0.0035089883 | P13: =$J13-$G13 -> 0.0035089883 | Q13: =$J13-$G13 -> 0.0035089883
E14: 15 | G14: =INDEX(LOGEST('1_a_számtani_közép'!B$4:INDEX('1_a_számtani_közép'!B:B,E14+3),,TRUE,TRUE),1,1) -> 0.99442164 | H14: =INDEX(LOGEST('1_a_számtani_közép'!B$4:INDEX('1_a_számtani_közép'!B:B,E14+3),,TRUE,TRUE),3,1) -> 0.86125994 | J14: =INDEX(LOGEST(INDEX('1_a_számtani_közép'!B:B,E14+4):'1_a_számtani_közép'!B$47,,TRUE,TRUE),1,1) -> 0.99774842 | K14: =INDEX(LOGEST(INDEX('1_a_számtani_közép'!B:B,E14+4):'1_a_számtani_közép'!B$47,,TRUE,TRUE),3,1) -> 0.68639021 | M14: =$J14-$G14 -> 0.0033267735 | N14: =$J14-$G14 -> 0.0033267735 | O14: =$J14-$G14 -> 0.0033267735 | P14: =$J14-$G14 -> 0.0033267735 | Q14: =$J14-$G14 -> 0.0033267735
E15: 16 | G15: =INDEX(LOGEST('1_a_számtani_közép'!B$4:INDEX('1_a_számtani_közép'!B:B,E15+3),,TRUE,TRUE),1,1) -> 0.99451963 | H15: =INDEX(LOGEST('1_a_számtani_közép'!B$4:INDEX('1_a_számtani_közép'!B:B,E15+3),,TRUE,TRUE),3,1) -> 0.87799214 | J15: =INDEX(LOGEST(INDEX('1_a_számtani_közép'!B:B,E15+4):'1_a_számtani_közép'!B$47,,TRUE,TRUE),1,1) -> 0.99778634 | K15: =INDEX(LOGEST(INDEX('1_a_számtani_közép'!B:B,E15+4):'1_a_számtani_közép'!B$47,,TRUE,TRUE),3,1) -> 0.65690794 | M15: =$J15-$G15 -> 0.0032667011 | N15: =$J15-$G15 -> 0.0032667011 | O15: =$J15-$G15 -> 0.0032667011 | P15: =$J15-$G15 -> 0.0032667011 | Q15: =$J15-$G15 -> 0.0032667011
E16: 17 | G16: =INDEX(LOGEST('1_a_számtani_közép'!B$4:INDEX('1_a_számtani_közép'!B:B,E16+3),,TRUE,TRUE),1,1) -> 0.99470737 | H16: =INDEX(LOGEST('1_a_számtani_közép'!B$4:INDEX('1_a_számtani_közép'!B:B,E16+3),,TRUE,TRUE),3,1) -> 0.88455485 | J16: =INDEX(LOGEST(INDEX('1_a_számtani_közép'!B:B,E16+4):'1_a_számtani_közép'!B$47,,TRUE,TRUE),1,1) -> 0.99785805 | K16: =INDEX(LOGEST(INDEX('1_a_számtani_közép'!B:B,E16+4):'1_a_számtani_közép'!B$47,,TRUE,TRUE),3,1) -> 0.6205813 | M16: =$J16-$G16 -> 0.0031506775 | N16: =$J16-$G16 -> 0.0031506775 | O16: =$J16-$G16 -> 0.0031506775 | P16: =$J16-$G16 -> 0.0031506775 | Q16: =$J16-$G16 -> 0.0031506775
E17: 18 | G17: =INDEX(LOGEST('1_a_számtani_közép'!B$4:INDEX('1_a_számtani_közép'!B:B,E17+3),,TRUE,TRUE),1,1) -> 0.99494217 | H17: =INDEX(LOGEST('1_a_számtani_közép'!B$4:INDEX('1_a_számtani_közép'!B:B,E17+3),,TRUE,TRUE),3,1) -> 0.88344685 | J17: =INDEX(LOGEST(INDEX('1_a_számtani_közép'!B:B,E17+4):'1_a_számtani_közép'!B$47,,TRUE,TRUE),1,1) -> 0.99797289 | K17: =INDEX(LOGEST(INDEX('1_a_számtani_közép'!B:B,E17+4):'1_a_számtani_közép'!B$47,,TRUE,TRUE),3,1) -> 0.57649768 | M17: =$J17-$G17 -> 0.0030307161 | N17: =$J17-$G17 -> 0.0030307161 | O17: =$J17-$G17 -> 0.0030307161 | P17: =$J17-$G17 -> 0.0030307161 | Q17: =$J17-$G17 -> 0.0030307161
E18: 19 | G18: =INDEX(LOGEST('1_a_számtani_közép'!B$4:INDEX('1_a_számtani_közép'!B:B,E18+3),,TRUE,TRUE),1,1) -> 0.99482054 | H18: =INDEX(LOGEST('1_a_számtani_közép'!B$4:INDEX('1_a_számtani_közép'!B:B,E18+3),,TRUE,TRUE),3,1) -> 0.90084954 | J18: =INDEX(LOGEST(INDEX('1_a_számtani_közép'!B:B,E18+4):'1_a_számtani_közép'!B$47,,TRUE,TRUE),1,1) -> 0.9979032 | K18: =INDEX(LOGEST(INDEX('1_a_számtani_közép'!B:B,E18+4):'1_a_számtani_közép'!B$47,,TRUE,TRUE),3,1) -> 0.56740929 | M18: =$J18-$G18 -> 0.0030826512 | N18: =$J18-$G18 -> 0.0030826512 | O18: =$J18-$G18 -> 0.0030826512 | P18: =$J18-$G18 -> 0.0030826512 | Q18: =$J18-$G18 -> 0.0030826512
E19: 20 | G19: =INDEX(LOGEST('1_a_számtani_közép'!B$4:INDEX('1_a_számtani_közép'!B:B,E19+3),,TRUE,TRUE),1,1) -> 0.99490795 | H19: =INDEX(LOGEST('1_a_számtani_közép'!B$4:INDEX('1_a_számtani_közép'!B:B,E19+3),,TRUE,TRUE),3,1) -> 0.90959335 | J19: =INDEX(LOGEST(INDEX('1_a_számtani_közép'!B:B,E19+4):'1_a_számtani_közép'!B$47,,TRUE,TRUE),1,1) -> 0.99791535 | K19: =INDEX(LOGEST(INDEX('1_a_számtani_közép'!B:B,E19+4):'1_a_számtani_közép'!B$47,,TRUE,TRUE),3,1) -> 0.5342932 | M19: =$J19-$G19 -> 0.0030073935 | N19: =$J19-$G19 -> 0.0030073935 | O19: =$J19-$G19 -> 0.0030073935 | P19: =$J19-$G19 -> 0.0030073935 | Q19: =$J19-$G19 -> 0.0030073935
E20: 21 | G20: =INDEX(LOGEST('1_a_számtani_közép'!B$4:INDEX('1_a_számtani_közép'!B:B,E20+3),,TRUE,TRUE),1,1) -> 0.99520461 | H20: =INDEX(LOGEST('1_a_számtani_közép'!B$4:INDEX('1_a_számtani_közép'!B:B,E20+3),,TRUE,TRUE),3,1) -> 0.89191868 | J20: =INDEX(LOGEST(INDEX('1_a_számtani_közép'!B:B,E20+4):'1_a_számtani_közép'!B$47,,TRUE,TRUE),1,1) -> 0.99810764 | K20: =INDEX(LOGEST(INDEX('1_a_számtani_közép'!B:B,E20+4):'1_a_számtani_közép'!B$47,,TRUE,TRUE),3,1) -> 0.47258532 | M20: =$J20-$G20 -> 0.0029030292 | N20: =$J20-$G20 -> 0.0029030292 | O20: =$J20-$G20 -> 0.0029030292 | P20: =$J20-$G20 -> 0.0029030292 | Q20: =$J20-$G20 -> 0.0029030292
E21: 22 | G21: =INDEX(LOGEST('1_a_számtani_közép'!B$4:INDEX('1_a_számtani_közép'!B:B,E21+3),,TRUE,TRUE),1,1) -> 0.99528883 | H21: =INDEX(LOGEST('1_a_számtani_közép'!B$4:INDEX('1_a_számtani_közép'!B:B,E21+3),,TRUE,TRUE),3,1) -> 0.89982796 | J21: =INDEX(LOGEST(INDEX('1_a_számtani_közép'!B:B,E21+4):'1_a_számtani_közép'!B$47,,TRUE,TRUE),1,1) -> 0.99816739 | K21: =INDEX(LOGEST(INDEX('1_a_számtani_közép'!B:B,E21+4):'1_a_számtani_közép'!B$47,,TRUE,TRUE),3,1) -> 0.42525314 | M21: =$J21-$G21 -> 0.0028785628 | N21: =$J21-$G21 -> 0.0028785628 | O21: =$J21-$G21 -> 0.0028785628 | P21: =$J21-$G21 -> 0.0028785628 | Q21: =$J21-$G21 -> 0.0028785628
E22: 23 | G22: =INDEX(LOGEST('1_a_számtani_közép'!B$4:INDEX('1_a_számtani_közép'!B:B,E22+3),,TRUE,TRUE),1,1) -> 0.99529935 | H22: =INDEX(LOGEST('1_a_számtani_közép'!B$4:INDEX('1_a_számtani_közép'!B:B,E22+3),,TRUE,TRUE),3,1) -> 0.91084581 | J22: =INDEX(LOGEST(INDEX('1_a_számtani_közép'!B:B,E22+4):'1_a_számtani_közép'!B$47,,TRUE,TRUE),1,1) -> 0.99813414 | K22: =INDEX(LOGEST(INDEX('1_a_számtani_közép'!B:B,E22+4):'1_a_számtani_közép'!B$47,,TRUE,TRUE),3,1) -> 0.40050016 | M22: =$J22-$G22 -> 0.0028347948 | N22: =$J22-$G22 -> 0.0028347948 | O22: =$J22-$G22 -> 0.0028347948 | P22: =$J22-$G22 -> 0.0028347948 | Q22: =$J22-$G22 -> 0.0028347948
... E33: 34 | G33: =INDEX(LOGEST('1_a_számtani_közép'!B$4:INDEX('1_a_számtani_közép'!B:B,E33+3),,TRUE,TRUE),1,1) -> 0.99613416 | H33: =INDEX(LOGEST('1_a_számtani_közép'!B$4:INDEX('1_a_számtani_közép'!B:B,E33+3),,TRUE,TRUE),3,1) -> 0.91093025 | J33: =INDEX(LOGEST(INDEX('1_a_számtani_közép'!B:B,E33+4):'1_a_számtani_közép'!B$47,,TRUE,TRUE),1,1) -> 1.0021755 | K33: =INDEX(LOGEST(INDEX('1_a_számtani_közép'!B:B,E33+4):'1_a_számtani_közép'!B$47,,TRUE,TRUE),3,1) -> 0.42341849 | M33: =$J33-$G33 -> 0.0060413862 | N33: =$J33-$G33 -> 0.0060413862 | O33: =$J33-$G33 -> 0.0060413862 | P33: =$J33-$G33 -> 0.0060413862 | Q33: =$J33-$G33 -> 0.0060413862
E34: 35 | G34: =INDEX(LOGEST('1_a_számtani_közép'!B$4:INDEX('1_a_számtani_közép'!B:B,E34+3),,TRUE,TRUE),1,1) -> 0.99614034 | H34: =INDEX(LOGEST('1_a_számtani_közép'!B$4:INDEX('1_a_számtani_közép'!B:B,E34+3),,TRUE,TRUE),3,1) -> 0.91747599 | J34: =INDEX(LOGEST(INDEX('1_a_számtani_közép'!B:B,E34+4):'1_a_számtani_közép'!B$47,,TRUE,TRUE),1,1) -> 1.0025067 | K34: =INDEX(LOGEST(INDEX('1_a_számtani_közép'!B:B,E34+4):'1_a_számtani_közép'!B$47,,TRUE,TRUE),3,1) -> 0.42608519 | M34: =$J34-$G34 -> 0.006366366 | N34: =$J34-$G34 -> 0.006366366 | O34: =$J34-$G34 -> 0.006366366 | P34: =$J34-$G34 -> 0.006366366
E35: 36 | G35: =INDEX(LOGEST('1_a_számtani_közép'!B$4:INDEX('1_a_számtani_közép'!B:B,E35+3),,TRUE,TRUE),1,1) -> 0.99616106 | H35: =INDEX(LOGEST('1_a_számtani_közép'!B$4:INDEX('1_a_számtani_közép'!B:B,E35+3),,TRUE,TRUE),3,1) -> 0.92260978 | J35: =INDEX(LOGEST(INDEX('1_a_számtani_közép'!B:B,E35+4):'1_a_számtani_közép'!B$47,,TRUE,TRUE),1,1) -> 1.0028445 | K35: =INDEX(LOGEST(INDEX('1_a_számtani_közép'!B:B,E35+4):'1_a_számtani_közép'!B$47,,TRUE,TRUE),3,1) -> 0.40851189 | M35: =$J35-$G35 -> 0.0066834661 | N35: =$J35-$G35 -> 0.0066834661 | O35: =$J35-$G35 -> 0.0066834661 | P35: =$J35-$G35 -> 0.0066834661
E36: 37 | G36: =INDEX(LOGEST('1_a_számtani_közép'!B$4:INDEX('1_a_számtani_közép'!B:B,E36+3),,TRUE,TRUE),1,1) -> 0.99618547 | H36: =INDEX(LOGEST('1_a_számtani_közép'!B$4:INDEX('1_a_számtani_közép'!B:B,E36+3),,TRUE,TRUE),3,1) -> 0.92701307 | J36: =INDEX(LOGEST(INDEX('1_a_számtani_közép'!B:B,E36+4):'1_a_számtani_közép'!B$47,,TRUE,TRUE),1,1) -> 1.0028422 | K36: =INDEX(LOGEST(INDEX('1_a_számtani_közép'!B:B,E36+4):'1_a_számtani_közép'!B$47,,TRUE,TRUE),3,1) -> 0.31492683 | M36: =$J36-$G36 -> 0.0066567729 | N36: =$J36-$G36 -> 0.0066567729 | O36: =$J36-$G36 -> 0.0066567729
E37: 38 | G37: =INDEX(LOGEST('1_a_számtani_közép'!B$4:INDEX('1_a_számtani_közép'!B:B,E37+3),,TRUE,TRUE),1,1) -> 0.99621383 | H37: =INDEX(LOGEST('1_a_számtani_közép'!B$4:INDEX('1_a_számtani_közép'!B:B,E37+3),,TRUE,TRUE),3,1) -> 0.93071081 | J37: =INDEX(LOGEST(INDEX('1_a_számtani_közép'!B:B,E37+4):'1_a_számtani_közép'!B$47,,TRUE,TRUE),1,1) -> 1.0018794 | K37: =INDEX(LOGEST(INDEX('1_a_számtani_közép'!B:B,E37+4):'1_a_számtani_közép'!B$47,,TRUE,TRUE),3,1) -> 0.12113916 | M37: =$J37-$G37 -> 0.005665538 | N37: =$J37-$G37 -> 0.005665538 | O37: =$J37-$G37 -> 0.005665538
E38: 39 | G38: =INDEX(LOGEST('1_a_számtani_közép'!B$4:INDEX('1_a_számtani_közép'!B:B,E38+3),,TRUE,TRUE),1,1) -> 0.99627829 | H38: =INDEX(LOGEST('1_a_számtani_közép'!B$4:INDEX('1_a_számtani_közép'!B:B,E38+3),,TRUE,TRUE),3,1) -> 0.93024324 | J38: =INDEX(LOGEST(INDEX('1_a_számtani_közép'!B:B,E38+4):'1_a_számtani_közép'!B$47,,TRUE,TRUE),1,1) -> 1.0006374 | K38: =INDEX(LOGEST(INDEX('1_a_számtani_közép'!B:B,E38+4):'1_a_számtani_közép'!B$47,,TRUE,TRUE),3,1) -> 0.0097647022 | M38: =$J38-$G38 -> 0.0043590718 | N38: =$J38-$G38 -> 0.0043590718
E39: 40 | G39: =INDEX(LOGEST('1_a_számtani_közép'!B$4:INDEX('1_a_számtani_közép'!B:B,E39+3),,TRUE,TRUE),1,1) -> 0.99635349 | H39: =INDEX(LOGEST('1_a_számtani_közép'!B$4:INDEX('1_a_számtani_közép'!B:B,E39+3),,TRUE,TRUE),3,1) -> 0.92780652 | J39: =INDEX(LOGEST(INDEX('1_a_számtani_közép'!B:B,E39+4):'1_a_számtani_közép'!B$47,,TRUE,TRUE),1,1) -> 0.99685378 | K39: =INDEX(LOGEST(INDEX('1_a_számtani_közép'!B:B,E39+4):'1_a_számtani_közép'!B$47,,TRUE,TRUE),3,1) -> 0.156218 | M39: =$J39-$G39 -> 0.00050028308 | N39: =$J39-$G39 -> 0.00050028308
E40: 41 | G40: =INDEX(LOGEST('1_a_számtani_közép'!B$4:INDEX('1_a_számtani_közép'!B:B,E40+3),,TRUE,TRUE),1,1) -> 0.99646584 | H40: =INDEX(LOGEST('1_a_számtani_közép'!B$4:INDEX('1_a_számtani_közép'!B:B,E40+3),,TRUE,TRUE),3,1) -> 0.91733487 | J40: =INDEX(LOGEST(INDEX('1_a_számtani_közép'!B:B,E40+4):'1_a_számtani_közép'!B$47,,TRUE,TRUE),1,1) -> 0.99116017 | K40: =INDEX(LOGEST(INDEX('1_a_számtani_közép'!B:B,E40+4):'1_a_számtani_közép'!B$47,,TRUE,TRUE),3,1) -> 0.4982131 | M40: =$J40-$G40 -> -0.0053056748
E41: 42 | G41: =INDEX(LOGEST('1_a_számtani_közép'!B$4:INDEX('1_a_számtani_közép'!B:B,E41+3),,TRUE,TRUE),1,1) -> 0.99662548 | H41: =INDEX(LOGEST('1_a_számtani_közép'!B$4:INDEX('1_a_számtani_közép'!B:B,E41+3),,TRUE,TRUE),3,1) -> 0.89134255 | J41: =INDEX(LOGEST(INDEX('1_a_számtani_közép'!B:B,E41+4):'1_a_számtani_közép'!B$47,,TRUE,TRUE),1,1) -> 1.0065766 | K41: =INDEX(LOGEST(INDEX('1_a_számtani_közép'!B:B,E41+4):'1_a_számtani_közép'!B$47,,TRUE,TRUE),3,1) -> 1 | M41: =$J41-$G41 -> 0.0099510923

Sheet 1_d_adat
A1: Relatív rang | B1: Eredeti rang | C1: 2025-06-03 | D1: 2025-06-10 | E1: 2025-06-17 | F1: 2025-06-24 | G1: 2025-07-01 | H1: 2025-07-08 | I1: 2025-07-15 | J1: 2025-07-22 | K1: 2025-07-29 | L1: 2025-08-05 | M1: 2025-08-12 | N1: 2025-08-19 | O1: 2025-08-26 | P1: 2025-09-02 | Q1: 2025-09-09 | R1: 2025-09-16 | S1: 2025-09-23 | T1: 2025-09-30 | U1: 2025-10-07 | V1: 2025-10-14 | W1: 2025-10-21 | X1: 2025-10-28 | Y1: 2025-11-04 | Z1: 2025-11-11 | AA1: 2025-11-18 | AB1: 2025-11-25 | AC1: 2025-12-02 | AD1: 2025-12-09 | AE1: 2025-12-16 | AF1: 2025-12-23 | AG1: 2025-12-30 | AH1: 2026-01-06 | AI1: 2026-01-13 | AJ1: 2026-01-20 | AK1: 2026-01-27 | AL1: 2026-02-03 | AM1: 2026-02-10 | AN1: 2026-02-17 | AO1: 2026-02-24 | AP1: 2026-03-03 | AQ1: 2026-03-10 | AR1: 2026-03-17 | AS1: 2026-03-24 | AT1: 2026-03-31 | AU1: Átlag | AV1: Medián | AW1: Szórás | AX1: Relatív szórás | AY1: Minimum | AZ1: Maximum | BA1: Terjedelem | BB1: Meredekség | BC1: R négyzet
A2: 1 | B2: 4780 | C2: 154 | D2: 162 | E2: 153 | F2: 144 | G2: 140 | H2: 154 | I2: 162 | J2: 154 | K2: 152 | L2: 153 | M2: 139 | N2: 154 | O2: 146 | P2: 156 | Q2: 149 | R2: 152 | S2: 161 | T2: 158 | U2: 141 | V2: 160 | W2: 150 | X2: 164 | Y2: 156 | Z2: 156 | AA2: 162 | AB2: 144 | AC2: 165 | AD2: 154 | AE2: 150 | AF2: 162 | AG2: 156 | AH2: 149 | AI2: 140 | AJ2: 153 | AK2: 164 | AL2: 160 | AM2: 154 | AN2: 165 | AO2: 156 | AP2: 154 | AQ2: 157 | AR2: 146 | AS2: 165 | AT2: 152 | AU2: =AVERAGE(C2:AT2) -> 154.04545 | AV2: =MEDIAN(C2:AT2) -> 154 | AW2: =_xlfn.STDEV.S(C2:AT2) -> 7.1461635 | AX2: =AW2/AU2 -> 0.046389967 | AY2: =MIN(C2:AT2) -> 139 | AZ2: =MAX(C2:AT2) -> 165 | BA2: =AZ2-AY2 -> 26 | BB2: =INDEX(LOGEST(C2:AT2,,TRUE,TRUE),1,1) -> 1.000766 | BC2: =INDEX(LOGEST(C2:AT2,,TRUE,TRUE),3,1) -> 0.044001519
A3: 2 | B3: 5209 | C3: 136 | D3: 139 | E3: 155 | F3: 137 | G3: 143 | H3: 147 | I3: 146 | J3: 152 | K3: 146 | L3: 138 | M3: 149 | N3: 146 | O3: 140 | P3: 146 | Q3: 147 | R3: 156 | S3: 139 | T3: 144 | U3: 161 | V3: 154 | W3: 147 | X3: 152 | Y3: 139 | Z3: 148 | AA3: 151 | AB3: 153 | AC3: 153 | AD3: 146 | AE3: 147 | AF3: 146 | AG3: 146 | AH3: 138 | AI3: 134 | AJ3: 118 | AK3: 118 | AL3: 129 | AM3: 112 | AN3: 117 | AO3: 124 | AP3: 125 | AQ3: 124 | AR3: 124 | AS3: 116 | AT3: 123 | AU3: =AVERAGE(C3:AT3) -> 139.79545 | AV3: =MEDIAN(C3:AT3) -> 145 | AW3: =_xlfn.STDEV.S(C3:AT3) -> 12.587516 | AX3: =AW3/AU3 -> 0.090042384 | AY3: =MIN(C3:AT3) -> 112 | AZ3: =MAX(C3:AT3) -> 161 | BA3: =AZ3-AY3 -> 49 | BB3: =INDEX(LOGEST(C3:AT3,,TRUE,TRUE),1,1) -> 0.99541708 | BC3: =INDEX(LOGEST(C3:AT3,,TRUE,TRUE),3,1) -> 0.39976627
A4: 3 | B4: 5258 | C4: 174 | D4: 181 | E4: 174 | F4: 174 | G4: 175 | H4: 174 | I4: 174 | J4: 174 | K4: 174 | L4: 176 | M4: 174 | N4: 164 | O4: 164 | P4: 175 | Q4: 175 | R4: 175 | S4: 174 | T4: 175 | U4: 173 | V4: 174 | W4: 172 | X4: 174 | Y4: 173 | Z4: 180 | AA4: 174 | AB4: 173 | AC4: 168 | AD4: 173 | AE4: 173 | AF4: 130 | AG4: 129 | AH4: 129 | AI4: 130 | AJ4: 129 | AK4: 129 | AL4: 130 | AM4: 135 | AN4: 129 | AO4: 130 | AP4: 135 | AQ4: 124 | AR4: 134 | AS4: 129 | AT4: 2 | AU4: =AVERAGE(C4:AT4) -> 155.84091 | AV4: =MEDIAN(C4:AT4) -> 173 | AW4: =_xlfn.STDEV.S(C4:AT4) -> 31.419845 | AX4: =AW4/AU4 -> 0.20161487 | AY4: =MIN(C4:AT4) -> 2 | AZ4: =MAX(C4:AT4) -> 181 | BA4: =AZ4-AY4 -> 179 | BB4: =INDEX(LOGEST(C4:AT4,,TRUE,TRUE),1,1) -> 0.97866397 | BC4: =INDEX(LOGEST(C4:AT4,,TRUE,TRUE),3,1) -> 0.16960237
A5: 4 | B5: 5338 | C5: 126 | D5: 123 | E5: 121 | F5: 110 | G5: 121 | H5: 127 | I5: 122 | J5: 124 | K5: 124 | L5: 126 | M5: 124 | N5: 120 | O5: 118 | P5: 119 | Q5: 123 | R5: 119 | S5: 121 | T5: 120 | U5: 117 | V5: 112 | W5: 115 | X5: 116 | Y5: 119 | Z5: 117 | AA5: 109 | AB5: 116 | AC5: 115 | AD5: 112 | AE5: 124 | AF5: 125 | AG5: 113 | AH5: 117 | AI5: 112 | AJ5: 118 | AK5: 114 | AL5: 118 | AM5: 114 | AN5: 116 | AO5: 107 | AP5: 167 | AQ5: 132 | AR5: 179 | AS5: 142 | AT5: 203 | AU5: =AVERAGE(C5:AT5) -> 123.56818 | AV5: =MEDIAN(C5:AT5) -> 119 | AW5: =_xlfn.STDEV.S(C5:AT5) -> 17.865646 | AX5: =AW5/AU5 -> 0.14458128 | AY5: =MIN(C5:AT5) -> 107 | AZ5: =MAX(C5:AT5) -> 203 | BA5: =AZ5-AY5 -> 96 | BB5: =INDEX(LOGEST(C5:AT5,,TRUE,TRUE),1,1) -> 1.0029634 | BC5: =INDEX(LOGEST(C5:AT5,,TRUE,TRUE),3,1) -> 0.096757859
A6: 5 | B6: 5518 | C6: 156 | D6: 167 | E6: 150 | F6: 155 | G6: 162 | H6: 159 | I6: 159 | J6: 159 | K6: 158 | L6: 159 | M6: 155 | N6: 147 | O6: 145 | P6: 141 | Q6: 138 | R6: 137 | S6: 139 | T6: 140 | U6: 139 | V6: 140 | W6: 141 | X6: 141 | Y6: 136 | Z6: 142 | AA6: 141 | AB6: 139 | AC6: 134 | AD6: 140 | AE6: 134 | AF6: 141 | AG6: 137 | AH6: 140 | AI6: 135 | AJ6: 131 | AK6: 135 | AL6: 135 | AM6: 135 | AN6: 134 | AO6: 134 | AP6: 131 | AQ6: 135 | AR6: 136 | AS6: 136 | AT6: 136 | AU6: =AVERAGE(C6:AT6) -> 142.81818 | AV6: =MEDIAN(C6:AT6) -> 140 | AW6: =_xlfn.STDEV.S(C6:AT6) -> 9.6936151 | AX6: =AW6/AU6 -> 0.067873817 | AY6: =MIN(C6:AT6) -> 131 | AZ6: =MAX(C6:AT6) -> 167 | BA6: =AZ6-AY6 -> 36 | BB6: =INDEX(LOGEST(C6:AT6,,TRUE,TRUE),1,1) -> 0.99565496 | BC6: =INDEX(LOGEST(C6:AT6,,TRUE,TRUE),3,1) -> 0.71957215
A7: 6 | B7: 5570 | C7: 230 | D7: 227 | E7: 243 | F7: 105 | G7: 195 | H7: 208 | I7: 139 | J7: 152 | K7: 143 | L7: 163 | M7: 158 | N7: 161 | O7: 161 | P7: 155 | Q7: 139 | R7: 140 | S7: 137 | T7: 149 | U7: 145 | V7: 161 | W7: 134 | X7: 159 | Y7: 151 | Z7: 160 | AA7: 74 | AB7: 158 | AC7: 158 | AD7: 72 | AE7: 144 | AF7: 144 | AG7: 55 | AH7: 66 | AI7: 67 | AJ7: 66 | AK7: 76 | AL7: 41 | AM7: 75 | AN7: 55 | AO7: 81 | AP7: 81 | AQ7: 76 | AR7: 152 | AS7: 148 | AT7: 147 | AU7: =AVERAGE(C7:AT7) -> 132.97727 | AV7: =MEDIAN(C7:AT7) -> 144.5 | AW7: =_xlfn.STDEV.S(C7:AT7) -> 49.743289 | AX7: =AW7/AU7 -> 0.37407362 | AY7: =MIN(C7:AT7) -> 41 | AZ7: =MAX(C7:AT7) -> 243 | BA7: =AZ7-AY7 -> 202 | BB7: =INDEX(LOGEST(C7:AT7,,TRUE,TRUE),1,1) -> 0.97822161 | BC7: =INDEX(LOGEST(C7:AT7,,TRUE,TRUE),3,1) -> 0.42650583
A8: 7 | B8: 5867 | C8: 202 | D8: 185 | E8: 78 | F8: 84 | G8: 97 | H8: 76 | I8: 89 | J8: 74 | K8: 72 | L8: 66 | M8: 66 | N8: 72 | O8: 60 | P8: 30 | Q8: 27 | R8: 28 | S8: 36 | T8: 29 | U8: 28 | V8: 29 | W8: 29 | X8: 31 | Y8: 25 | Z8: 25 | AA8: 45 | AB8: 29 | AC8: 23 | AD8: 33 | AE8: 23 | AF8: 22 | AG8: 34 | AH8: 44 | AI8: 36 | AJ8: 33 | AK8: 26 | AL8: 26 | AM8: 17 | AN8: 25 | AO8: 24 | AP8: 21 | AQ8: 18 | AR8: 21 | AS8: 20 | AT8: 23 | AU8: =AVERAGE(C8:AT8) -> 47.295455 | AV8: =MEDIAN(C8:AT8) -> 29.5 | AW8: =_xlfn.STDEV.S(C8:AT8) -> 39.233102 | AX8: =AW8/AU8 -> 0.82953218 | AY8: =MIN(C8:AT8) -> 17 | AZ8: =MAX(C8:AT8) -> 202 | BA8: =AZ8-AY8 -> 185 | BB8: =INDEX(LOGEST(C8:AT8,,TRUE,TRUE),1,1) -> 0.96141478 | BC8: =INDEX(LOGEST(C8:AT8,,TRUE,TRUE),3,1) -> 0.69503471
A9: 8 | B9: 5910 | C9: 163 | D9: 163 | E9: 163 | F9: 163 | G9: 163 | H9: 163 | I9: 163 | J9: 163 | K9: 163 | L9: 163 | M9: 163 | N9: 163 | O9: 163 | P9: 163 | Q9: 163 | R9: 162 | S9: 162 | T9: 162 | U9: 156 | V9: 162 | W9: 162 | X9: 162 | Y9: 162 | Z9: 162 | AA9: 162 | AB9: 162 | AC9: 1 | AD9: 1 | AE9: 1 | AF9: 1 | AG9: 1 | AH9: 1 | AI9: 1 | AJ9: 1 | AK9: 1 | AL9: 1 | AM9: 1 | AN9: 1 | AO9: 1 | AP9: 1 | AQ9: 1 | AR9: 1 | AS9: 1 | AT9: 1 | AU9: =AVERAGE(C9:AT9) -> 96.340909 | AV9: =MEDIAN(C9:AT9) -> 162 | AW9: =_xlfn.STDEV.S(C9:AT9) -> 80.252492 | AX9: =AW9/AU9 -> 0.83300534 | AY9: =MIN(C9:AT9) -> 1 | AZ9: =MAX(C9:AT9) -> 163 | BA9: =AZ9-AY9 -> 162 | BB9: =INDEX(LOGEST(C9:AT9,,TRUE,TRUE),1,1) -> 0.84538435 | BC9: =INDEX(LOGEST(C9:AT9,,TRUE,TRUE),3,1) -> 0.72644822
